execution_number,timestamp,duration_ms,error,correctness_error,correctness_match,dfc_1phase_error,dfc_1phase_exec_time_ms,dfc_1phase_rewrite_time_ms,dfc_1phase_rows,dfc_1phase_time_ms,dfc_2phase_error,dfc_2phase_exec_time_ms,dfc_2phase_rewrite_time_ms,dfc_2phase_rows,dfc_2phase_time_ms,logical_error,logical_exec_time_ms,logical_rewrite_time_ms,logical_rows,logical_time_ms,no_policy_error,no_policy_exec_time_ms,no_policy_rows,no_policy_time_ms,query_name,query_num,tpch_sf,umbra_dfc_1phase_time_ms,umbra_dfc_2phase_time_ms,umbra_logical_time_ms,umbra_time_ms,postgres_dfc_1phase_time_ms,postgres_dfc_2phase_time_ms,postgres_logical_time_ms,postgres_time_ms,datafusion_dfc_1phase_time_ms,datafusion_dfc_2phase_time_ms,datafusion_logical_time_ms,datafusion_time_ms,sqlserver_correctness_error,sqlserver_correctness_match,sqlserver_dfc_1phase_correctness_error,sqlserver_dfc_1phase_correctness_match,sqlserver_dfc_1phase_error,sqlserver_dfc_1phase_rows,sqlserver_dfc_1phase_time_ms,sqlserver_dfc_2phase_correctness_error,sqlserver_dfc_2phase_correctness_match,sqlserver_dfc_2phase_error,sqlserver_dfc_2phase_rows,sqlserver_dfc_2phase_time_ms,sqlserver_error,sqlserver_logical_correctness_error,sqlserver_logical_correctness_match,sqlserver_logical_error,sqlserver_logical_rows,sqlserver_logical_time_ms,sqlserver_rows,sqlserver_time_ms
1,2026-02-16T02:07:48.912663,9174.248748924583,,,True,,36.0495001077652,3.804208943620324,4,39.85370905138552,,42.36108297482133,2.7263329830020666,4,45.08741595782339,,108.65524993278086,4.739666124805808,4,113.39491605758668,,55.654124822467566,4,55.654124822467566,q01,1,1.0,30.974291963502765,57.02337506227195,36.64891701191664,58.31525009125471,853.9007499348372,1156.5504160244018,3657.830291893333,888.2932499982417,287.11612499319017,609.8399998154491,842.4923750571907,312.4118749983609,,True,,True,,4,8628.588082734495,,True,,4,12441.831499803811,,,True,,4,18606.230415869504,4,8289.719707798213
2,2026-02-16T02:08:27.312996,9270.425375085324,,,True,,36.15408297628164,3.5749170929193497,4,39.72900006920099,,45.19874998368323,2.7263329830020666,4,47.925082966685295,,111.7625420447439,4.899791907519102,4,116.662333952263,,36.47550009191036,4,36.47550009191036,q01,1,1.0,30.51404212601483,53.5752079449594,37.41850005462766,46.33395792916417,842.9944158997387,1142.647415865213,3604.332249844447,803.8625831250101,292.5965830218047,544.4447079207748,778.2567089889199,306.2276248820126,,True,,True,,4,8562.739208806306,,True,,4,12589.200207963586,,,True,,4,18632.92216602713,4,8363.485040608793
3,2026-02-16T02:09:05.597857,9096.737331943586,,,True,,46.70608299784362,2.2202502004802227,4,48.926333198323846,,44.946332927793264,3.199082799255848,4,48.14541572704911,,93.88458309695125,4.490124993026257,4,98.3747080899775,,37.139083025977015,4,37.139083025977015,q01,1,1.0,30.00970813445747,54.136957973241806,37.211667047813535,44.025874929502606,1021.3596250396222,1460.9257918782532,4520.886667072773,865.1119999121875,797.228290932253,1565.3371249791237,1711.49241598323,539.1531668137759,,True,,True,,4,8533.97283423692,,True,,4,12559.81562519446,,,True,,4,18600.099292118102,4,8340.265083126724
4,2026-02-16T02:09:44.011614,9072.785750264302,,,True,,34.48162507265806,2.956999931484461,4,37.43862500414252,,39.81925011612475,2.570665907114744,4,42.38991602323949,,93.83212495595215,5.042416974902153,4,98.87454193085432,,37.78558410704136,4,37.78558410704136,q01,1,1.0,59.5535000320524,102.91229211725296,78.4883750602603,70.47654199413955,1386.9221250060946,1901.105707976967,4489.532916108146,1420.5031250603497,629.7094158362597,1588.431749958545,1925.4034168552607,502.93045793659985,,True,,True,,4,8605.098249856383,,True,,4,12601.284416858109,,,True,,4,19986.527166794986,4,8347.542166244239
5,2026-02-16T02:10:22.648595,9147.665708791465,,,True,,35.00599996186793,2.1203330252319574,4,37.126332987099886,,41.95462493225932,2.664749976247549,4,44.61937490850687,,96.8895829282701,5.136874970048666,4,102.02645789831875,,37.7663339022547,4,37.7663339022547,q01,1,1.0,69.6530828718096,118.96470794454216,78.86712509207428,70.53083297796547,1404.0712090209126,1904.950167052448,5227.656832896173,1487.7299999352545,626.5941669698805,1476.814417168498,1811.0633338801565,509.64645901694894,,True,,True,,4,8495.983083732426,,True,,4,12519.696875009686,,,True,,4,18709.67150013894,4,8216.62791678682
6,2026-02-16T02:10:28.193512,814.2510009929538,,,True,,21.05966699309647,4.416416864842176,10,25.476083857938647,,39.93708407506347,2.9061660170555115,10,42.84325009211898,,21.937166107818484,4.2365421541035175,10,26.173708261922,,23.243499919772148,10,23.243499919772148,q03,3,1.0,14.55966685898602,33.40029087848961,19.925707951188087,14.243707992136478,409.7232921048999,799.1407918743789,736.888290848583,431.1527090612799,593.4199159964919,1224.202583078295,1221.0224580485374,545.5813331063837,,True,,True,,10,667.4660840071738,,True,,10,1348.8725000061097,,,True,,10,1237.568833865225,10,695.7137500867248
7,2026-02-16T02:10:31.214066,763.5726679582149,,,True,,17.889459151774645,4.587541799992323,10,22.477000951766968,,31.21491684578359,3.018875140696764,10,34.233791986480355,,21.720250137150288,4.203749820590019,10,25.923999957740307,,20.409292075783014,10,20.409292075783014,q03,3,1.0,10.662166867405176,23.02700001746416,20.591665990650657,24.34095903299749,399.2042080499232,781.2900829594582,718.0648329667747,434.14341704919934,604.7952079679817,1159.236584091559,1176.7019578255713,531.1236251145601,,True,,True,,10,725.460291840136,,True,,10,1345.6563749350607,,,True,,10,1220.3900828026235,10,665.3630002401769
8,2026-02-16T02:10:35.272288,1125.0746250152588,,,True,,19.021457992494103,5.450499942526221,10,24.471957935020328,,31.62995888851583,2.852375153452158,10,34.48233404196799,,25.79737501218915,4.217291017994285,10,30.01466603018343,,20.41954197920859,10,20.41954197920859,q03,3,1.0,10.1006249897182,23.218041053041816,19.389791879802942,26.333499932661653,421.6655830387026,768.133208155632,723.3145001810044,401.1494170408696,586.5677089896053,1126.1249999515712,1152.2609998937696,518.4241668321192,,True,,True,,10,685.5327500961721,,True,,10,1440.8172918483615,,,True,,10,1210.8877077698708,10,656.0084582306445
9,2026-02-16T02:10:37.975365,748.053123941645,,,True,,19.186167046427727,4.098040983080864,10,23.28420802950859,,32.06720785237849,4.007833078503609,10,36.075040930882096,,22.10766705684364,4.251374863088131,10,26.35904191993177,,22.034958004951477,10,22.034958004951477,q03,3,1.0,14.87895892933011,20.32599993981421,17.152166925370693,19.92912497371435,385.1195832248777,774.138499982655,696.886083111167,397.360207978636,583.7537918705493,1098.123958101496,1137.1428749989718,525.2874169964343,,True,,True,,10,661.7533750832081,,True,,10,1314.2349999397993,,,True,,10,1300.8091249503195,10,741.4173749275506
10,2026-02-16T02:10:40.685897,743.7574591021985,,,True,,19.41870804876089,4.110250156372786,10,23.528958205133677,,34.80808297172189,2.992291934788227,10,37.800374906510115,,23.417958989739414,5.0172090996056795,10,28.435168089345098,,18.22558301500976,10,18.22558301500976,q03,3,1.0,15.63408295623958,23.829624988138676,18.917083041742444,19.29904101416469,387.70970911718905,759.8063750192523,674.1376251447946,424.794957973063,567.522041965276,1060.6102920137346,1115.906334016472,518.7302080448717,,True,,True,,10,696.1009576916695,,True,,10,1321.20474986732,,,True,,10,1344.0657081082463,10,644.136625342071
11,2026-02-16T02:11:06.137344,1376.6870433464646,,,True,,40.95129203051329,4.356625024229288,5,45.307917054742575,,63.532042084261775,3.5366250667721033,5,67.06866715103388,,122.3016669973731,3.3102501183748245,5,125.61191711574791,,21.585999988019463,5,21.585999988019463,q04,4,1.0,18.12370796687901,18.140082946047187,278.26629183255136,41.14266694523394,2816.7427079752088,3383.035209029913,3989.8797918576743,692.8696669638157,561.2485420424491,1254.770833067596,1366.1873750388622,662.23687492311,,True,,True,,5,1599.1114168427885,,True,,5,2709.6310420893133,,,True,,5,11408.793041948227,5,1160.6735419481993
12,2026-02-16T02:11:18.936240,1526.9839162938297,,,True,,45.948625076562166,3.134500002488494,5,49.08312507905066,,64.25962503999472,3.1056248117238283,5,67.36524985171854,,156.4014998730272,2.476290799677372,5,158.87779067270458,,20.910083781927824,5,20.910083781927824,q04,4,1.0,16.918708104640245,25.39195795543492,264.31970903649926,43.460582848638296,2874.211249873042,3148.72599998489,3479.380917036906,788.2265420630574,463.31308293156326,1004.3510000687093,1372.4096249789,427.87700006738305,,True,,True,,5,1277.3757078684866,,True,,5,2368.93254192546,,,True,,5,10339.25574971363,5,1144.1544168628752
13,2026-02-16T02:11:31.477030,1428.6471670493484,,,True,,77.87283300422132,3.441707929596305,5,81.31454093381763,,62.32741707935929,3.3685830421745777,5,65.69600012153387,,139.12062509916723,2.7982089668512344,5,141.91883406601846,,20.795583026483655,5,20.795583026483655,q04,4,1.0,14.040332986041903,24.80258303694427,260.95908298157156,73.59979092143476,2832.2505839169025,3155.423749936745,3572.907916037366,867.9511658847332,525.1976661384106,1031.5144169144332,1904.334040824324,530.372167006135,,True,,True,,5,1554.74758381024,,True,,5,2345.197374932468,,,True,,5,10026.584083680063,5,1205.3246251307428
14,2026-02-16T02:11:44.334192,1480.7039159350095,,,True,,53.733957931399345,3.10045899823308,5,56.834416929632425,,56.7308331374079,4.031374817714095,5,60.762207955121994,,132.94883398339152,2.8919160831719637,5,135.8407500665635,,24.3023750372231,5,24.3023750372231,q04,4,1.0,14.513167086988688,18.80137482658029,269.06783296726644,59.046167181804776,3014.2497499473393,3296.4258331339806,3541.534834075719,872.0087499823421,489.3980419728905,1041.7637501377612,1430.7474589440972,457.70058291964233,,True,,True,,5,1243.376291822642,,True,,5,2346.6734997928143,,,True,,5,10126.674582716078,5,1202.1542503498497
15,2026-02-16T02:11:57.233570,1525.1560830511153,,,True,,49.29274995811283,3.6025838926434517,5,52.89533385075629,,58.68658400140703,3.2324581407010555,5,61.91904214210808,,166.28370783291757,2.6157081592828035,5,168.89941599220035,,21.37645799666643,5,21.37645799666643,q04,4,1.0,17.63024996034801,28.358208015561104,287.6016250811517,39.11383310332894,2866.296041989699,3443.3979159221053,3760.451833019033,771.7630830593407,513.8005840126425,1122.8386249858886,1527.2498750127852,447.1193340141326,,True,,True,,5,1329.939542338252,,True,,5,2390.6374583020806,,,True,,5,10789.330000057817,5,1136.3714169710877
16,2026-02-16T02:12:02.718280,815.0092507712543,,,True,,19.140667049214244,2.301667118445039,5,21.442334167659283,,39.46445882320404,2.7672077994793653,5,42.231666622683406,,38.78520801663399,5.347124999389052,5,44.13233301602304,,24.294500006362796,5,24.294500006362796,q05,5,1.0,16.777999931946397,22.59429101832211,23.05937511846423,65.14729210175574,299.25891710445285,622.6522498764098,604.4695409946144,767.5908328965306,647.1317089162767,1225.6598339881748,3014.818666037172,580.201500095427,,True,,True,,5,634.0568750165403,,True,,5,1316.1155837588012,,,True,,5,1302.8522497043014,5,763.3132496848702
17,2026-02-16T02:12:05.531928,757.0737916976213,,,True,,19.026249879971147,2.546333009377122,5,21.57258288934827,,33.39533391408622,2.897124970331788,5,36.29245888441801,,33.66066701710224,4.675332922488451,5,38.33599993959069,,22.260375088080764,5,22.260375088080764,q05,5,1.0,17.583166947588325,19.70424992032349,17.79474993236363,52.362916991114616,299.3923749309033,611.0686669126153,580.4672499652952,753.4212078899145,809.7845420707017,1251.5525829512626,3126.9412501715124,593.7967079225928,,True,,True,,5,641.9356246478856,,True,,5,1288.3598748594522,,,True,,5,1317.2049173153937,5,725.3340003080666
18,2026-02-16T02:12:08.240280,816.1846280563623,,,True,,19.2443341948092,2.894083969295025,5,22.138418164104223,,33.90583395957947,2.920874860137701,5,36.82670881971717,,37.79962519183755,4.770792089402676,5,42.570417281240225,,23.10487488284707,5,23.10487488284707,q05,5,1.0,16.961416928097606,23.166707949712873,24.41254211589694,64.15437487885356,313.3119170088321,621.646499959752,588.595958892256,757.6915000099689,628.6814589984715,1193.0738328956068,2820.681834127754,604.6646249014884,,True,,True,,5,714.3424171954393,,True,,5,1333.517249673605,,,True,,5,1235.1677920669315,5,630.2185826934874
19,2026-02-16T02:12:10.880515,749.257791088894,,,True,,19.115624949336052,3.344707889482379,5,22.46033283881843,,36.39025008305907,3.0916251707822084,5,39.48187525384128,,37.33708383515477,4.638415994122624,5,41.97549982927739,,22.36270811408758,5,22.36270811408758,q05,5,1.0,13.673792127519846,19.222917035222057,23.584125097841024,52.123833913356066,301.2719589751214,645.4033330082893,596.3851660490036,752.3431659210473,674.3296671193093,1246.2991250213236,3387.8701669164,611.941791838035,,True,,True,,5,672.1685002557933,,True,,5,1274.2159999907017,,,True,,5,1330.8455417864025,5,698.138415813446
20,2026-02-16T02:12:13.541530,743.6337089166045,,,True,,19.18279193341732,2.0260841120034456,5,21.20887604542077,,32.41587500087917,3.889666870236397,5,36.305541871115565,,38.905957946553826,4.61412500590086,5,43.520082952454686,,19.48279095813632,5,19.48279095813632,q05,5,1.0,17.01587508432567,17.84125017002225,24.896542076021433,70.14049985446036,258.8352500461042,452.7609169017523,523.8927500322461,694.1390840802342,1115.148917073384,1503.299375064671,4150.897582992911,958.6640000343324,,True,,True,,5,719.7447079233825,,True,,5,1253.7229997105896,,,True,,5,1275.0711250118911,5,703.8410003297031
21,2026-02-16T02:12:22.145289,800.9641661774367,,,True,,5.711749894544482,1.6697500832378864,1,7.381499977782369,,9.48799983598292,2.0287081133574247,1,11.516707949340343,,12.2527910862118,3.663791809231043,1,15.916582895442843,,7.245750166475773,1,7.245750166475773,q06,6,1.0,5.715416977182031,7.464083144441247,16.795125091448426,23.342583095654845,346.05812514200807,686.1709160730243,631.9529169704765,607.1773329749703,508.6948338430375,875.7080419454724,747.0540411304682,571.0426250007004,,True,,True,,1,707.2028336115181,,True,,1,1425.741999875754,,,True,,1,1443.9140423201025,1,686.8140832521021
22,2026-02-16T02:12:26.517648,785.9779989812523,,,True,,7.05033284612,1.7089999746531248,1,8.759332820773125,,9.400957962498069,2.186583122238517,1,11.587541084736586,,9.842958068475127,2.70791701041162,1,12.550875078886747,,6.401624996215105,1,6.401624996215105,q06,6,1.0,8.354332996532321,6.3895417843014,8.511708118021488,8.943082997575402,207.63158309273425,418.8229998108,405.1900829654187,212.91904104873535,343.641750048846,629.8164590261877,634.4244999345392,334.72800021991134,,True,,True,,1,693.7625408172607,,True,,1,1335.5899169109762,,,True,,1,1447.6536666043105,1,676.7272502183914
23,2026-02-16T02:12:30.820969,816.9934169854969,,,True,,5.423584021627903,1.488167094066739,1,6.911751115694642,,9.221374988555908,1.7697499133646488,1,10.991124901920555,,9.977958165109158,2.601125044748187,1,12.579083209857345,,6.734082940965891,1,6.734082940965891,q06,6,1.0,6.522167008370161,8.985291002318263,7.844541920349002,7.071542087942362,189.72129095345736,429.97287516482174,590.9465420991182,192.34049995429817,344.7067921515554,702.0456250756979,687.0480419602245,347.73862501606345,,True,,True,,1,717.0696668326855,,True,,1,1433.3232501521709,,,True,,1,1433.8693749159577,1,679.0722501464188
24,2026-02-16T02:12:35.201784,726.2558336369693,,,True,,5.571250105276704,1.794417155906558,1,7.365667261183262,,9.521499974653125,2.352749928832054,1,11.87424990348518,,12.223750120028852,3.5746251232922077,1,15.79837524332106,,6.787916179746389,1,6.787916179746389,q06,6,1.0,7.725749863311648,8.48945789039135,7.563207997009158,14.128291979432106,192.7248751744628,382.7957920730114,372.2605830989778,260.34483313560486,361.9894168805331,656.6145420074463,645.2719999942929,319.1608749330044,,True,,True,,1,711.1917501315475,,True,,1,1432.8366657719016,,,True,,1,1432.210249826312,1,684.6962501294911
25,2026-02-16T02:12:39.493739,731.8581670988351,,,True,,7.399542024359107,1.77416717633605,1,9.173709200695155,,12.353541795164348,2.7511250227689743,1,15.10466681793332,,17.493541119620204,3.5883330274373293,1,21.081874147057533,,8.762249955907464,1,8.762249955907464,q06,6,1.0,5.934917135164142,6.911874981597066,5.085709039121866,6.924791960045695,192.35958298668265,434.9623329471797,371.4571250602603,202.6944998651743,389.6963330917061,630.9486669488251,621.1539169307798,326.5617920551449,,True,,True,,1,712.1062497608364,,True,,1,1431.976375170052,,,True,,1,1536.5320825949311,1,684.499875176698
26,2026-02-16T02:12:45.506366,1009.8594578448684,,,True,,22.9908749461174,3.229374997317791,4,26.220249943435192,,33.964915899559855,5.301125114783645,4,39.2660410143435,,280.0870828796178,9.500167099758984,4,289.5872499793768,,32.54608390852809,4,32.54608390852809,q07,7,1.0,19.862708868458867,30.026082880795,45.71070917882025,58.69175004772842,454.8719171434641,971.0704998578876,1008.8742501102388,924.8602078296244,833.094917004928,2353.2176660373807,2811.4604169968516,982.398666907102,,True,,True,,4,639.5157910883427,,True,,4,1276.0083749890327,,,True,,4,1333.7763752788303,4,620.1788750477135
27,2026-02-16T02:12:48.354914,970.89616721496,,,True,,24.986499920487404,3.292334033176303,4,28.278833953663707,,37.33441699296236,4.066457971930504,4,41.400874964892864,,230.79754202626648,9.46304202079773,4,240.2605840470642,,28.530791169032454,4,28.530791169032454,q07,7,1.0,13.392167165875437,28.061209013685584,33.42991601675749,61.17366603575647,424.8336250893771,810.5544168502092,696.0602910257876,953.0567498877645,1007.4024579953402,2030.3622921928763,2689.7563750389963,958.4418751765044,,True,,True,,4,643.3409997262061,,True,,4,1229.681917000562,,,True,,4,1347.9458326473832,4,621.4530826546252
28,2026-02-16T02:12:51.404591,994.6920818183572,,,True,,22.88120798766613,3.398624947294593,4,26.279832934960723,,39.54470786266029,4.958624951541424,4,44.50333281420171,,246.2157499976456,8.468125015497208,4,254.6838750131428,,29.31750006973743,4,29.31750006973743,q07,7,1.0,13.759458204731343,34.34058278799057,36.24687483534217,54.37899986281991,392.4017499666661,799.2002081591636,715.4294170904905,818.9500421285629,1000.6312921177596,1742.6549170631915,2569.600041024387,759.2451658565551,,True,,True,,4,626.1041248217225,,True,,4,1242.8436251357198,,,True,,4,1226.090708747506,4,624.9565831385553
29,2026-02-16T02:12:54.435936,1016.3823328912258,,,True,,24.738332955166698,3.266667015850544,4,28.00499997101724,,35.42062477208674,4.066084045916796,4,39.486708818003535,,276.70062496326864,9.385042125359178,4,286.0856670886278,,23.56629096902907,4,23.56629096902907,q07,7,1.0,12.08862499333918,38.7123750988394,33.29950012266636,76.74908288754523,429.9116670154035,835.0887498818338,710.3626250755042,801.6198328696191,795.5828751437366,1943.152124993503,2438.2518748752773,794.5027081295848,,True,,True,,4,716.5842079557478,,True,,4,1219.580540899187,,,True,,4,1233.151082880795,4,680.7992081157863
30,2026-02-16T02:12:57.446219,980.4794988594948,,,True,,24.778875056654215,3.3110410440713167,4,28.08991610072553,,44.55025005154312,4.309291020035744,4,48.85954107157886,,236.7219999432564,9.391707833856344,4,246.11370777711272,,32.20312483608723,4,32.20312483608723,q07,7,1.0,19.94945900514722,39.79937499389053,39.055790985003114,53.87491709552705,375.1352501567453,774.0876669995487,712.6385408919305,803.6406668834388,758.4746249485761,1745.1346248853952,2865.2852079831064,782.0347498636693,,True,,True,,4,714.9566248990595,,True,,4,1230.4007923230529,,,True,,4,1214.57508392632,4,626.7447089776397
31,2026-02-16T02:13:03.394790,1032.014832366258,,,True,,18.97104107774794,3.2567500602453947,2,22.227791137993336,,37.7553328871727,3.7738748360425234,2,41.52920772321522,,78.20908282883465,8.548124926164746,2,86.7572077549994,,21.777291782200336,2,21.777291782200336,q08,8,1.0,34.330083057284355,49.11695793271065,57.374458061531186,47.61545895598829,417.18470794148743,1317.5644581206143,1565.521250013262,456.0299578588456,980.66550004296,1659.6346248406917,1705.5171669926494,1009.9743329919876,,True,,True,,2,661.4713328890502,,True,,2,1386.2140830606222,,,True,,2,1278.2057081349194,2,663.4280830621719
32,2026-02-16T02:13:06.354862,917.664626147598,,,True,,21.328791975975037,3.4262919798493385,2,24.755083955824375,,37.69025020301342,4.7217500396072865,2,42.41200024262071,,61.55762518756091,7.485416950657964,2,69.04304213821888,,24.133624974638224,2,24.133624974638224,q08,8,1.0,49.64416706934571,49.345457926392555,128.09149990789592,93.04616693407296,395.4777920152992,720.0365830212831,679.142874898389,1065.0370840448886,676.6970418393612,1377.1277910564097,1952.7020829264077,601.2355000711977,,True,,True,,2,722.1452910453081,,True,,2,1310.5173339135945,,,True,,2,1271.7553339898586,2,712.3566661030054
33,2026-02-16T02:13:09.284932,914.5835835952312,,,True,,19.775457913056016,3.005000064149499,2,22.780457977205515,,54.6833339612931,4.202416865155101,2,58.8857508264482,,85.47208295203745,21.427416941151023,2,106.89949989318848,,23.641624953597784,2,23.641624953597784,q08,8,1.0,64.57675015553832,61.91333383321762,61.41187506727874,280.03562497906387,383.01637512631714,819.4040828384459,757.3177500162274,932.899042032659,841.1921251099557,1408.4819580893964,1709.7626249305904,708.673374960199,,True,,True,,2,713.7480829842389,,True,,2,1309.1314579360187,,,True,,2,1270.7153749652207,2,750.593832693994
34,2026-02-16T02:13:12.293953,799.745332216844,,,True,,19.79833305813372,3.085250034928322,2,22.883583093062043,,35.09512497112155,3.887500148266554,2,38.9826251193881,,61.71258306130767,8.595667080953717,2,70.30825014226139,,22.90266589261591,2,22.90266589261591,q08,8,1.0,47.07670793868601,48.20674983784557,54.76154200732708,75.41108294390142,380.09404204785824,1070.5357920378449,702.4739999324083,917.4554159399122,751.0044591035694,1478.6670829635111,1524.5354999788103,767.8451249375939,,True,,True,,2,710.9483745880425,,True,,2,1304.9836247228086,,,True,,2,1264.512374997139,2,658.3629590459168
35,2026-02-16T02:13:15.123021,813.1418311968446,,,True,,19.79516609571874,4.471500171348453,2,24.26666626706719,,34.1514169704169,3.9387079887092113,2,38.090124959126115,,62.447624979540706,7.869166089221835,2,70.31679106876254,,23.036415921524167,2,23.036415921524167,q08,8,1.0,41.53974982909858,59.43245883099735,74.08154103904963,69.56891599111259,396.6035419143736,659.2530829366297,717.9289578925818,733.981458004564,705.9621249791235,1357.0407500956208,1579.9181249458345,639.5024999510497,,True,,True,,2,712.2458326630294,,True,,2,1319.5158331654966,,,True,,2,1268.0740421637893,2,664.2722501419485
36,2026-02-16T02:14:15.990577,24906.862291973084,,,True,,75.72449999861419,2.781125018373132,175,78.50562501698732,,114.202958997339,3.242083126679063,175,117.44504212401807,,23581.86783385463,6.636624922975898,175,23588.504458777606,,103.2487079501152,175,103.2487079501152,q09,9,1.0,78.18487496115267,318.35395796224475,77.22279196605086,291.76966613158584,1046.6104170773178,1767.972666071728,6710.562458960339,4785.090083954856,788.575833896175,1581.134625012055,36478.652874939144,1680.035165976733,,True,,True,,175,957.1903753094376,,True,,175,1920.6692497245967,,,True,,175,2034.152708016336,175,1040.827834047377
37,2026-02-16T02:14:45.072871,26053.671206114817,,,True,,65.75195793993771,2.4804160930216312,175,68.23237403295934,,108.44670794904232,3.0175831634551287,175,111.46429111249743,,24844.88820913248,9.049708023667336,175,24853.937917156145,,95.5460409168154,175,95.5460409168154,q09,9,1.0,53.56691707856953,399.89570807665586,143.3419578243047,418.64116699434817,814.0685830730945,1740.979167167097,6911.560000153258,4687.550292117521,826.7972080502659,1930.5550418794155,44675.41745887138,1644.2863328848034,,True,,True,,175,930.4320001974702,,True,,175,1827.5148328393695,,,True,,175,1965.3215422295032,175,978.8359170779586
38,2026-02-16T02:15:05.392711,17250.19483268261,,,True,,65.25379116646945,2.2530420683324337,175,67.50683323480189,,115.65674981102347,3.1737079843878746,175,118.83045779541136,,15793.324833968654,7.358958013355732,175,15800.68379198201,,98.03137485869227,175,98.03137485869227,q09,9,1.0,78.2287078909576,506.2459579203278,83.22666585445404,300.1455420162529,958.8536249939352,1616.9197498820722,7243.542625103146,4827.428791904822,847.650125157088,1890.061791986227,34374.47924981825,1663.4901252109555,,True,,True,,175,1013.2368747144938,,True,,175,1810.800916980952,,,True,,175,2077.205582987517,175,945.1853330247104
39,2026-02-16T02:15:36.377103,27699.702622834593,,,True,,66.16979115642607,2.310667186975479,175,68.48045834340155,,108.03545801900329,3.0327909626066685,175,111.06824898160994,,26150.949540780857,7.389707956463099,175,26158.33924873732,,96.58695780672132,175,96.58695780672132,q09,9,1.0,44.14200014434755,389.2306250054389,99.48416682891548,795.9947090130299,901.1624169070274,1602.099790936336,6791.4819999132305,4409.785917028785,784.7643750719726,1724.218707997352,32016.777415992692,1578.7000828422606,,True,,True,,175,951.7250000499188,,True,,175,1891.2871247157457,,,True,,175,1967.8041669540107,175,961.3850000314416
40,2026-02-16T02:16:01.521847,22196.031539933756,,,True,,84.8704578820616,4.773125052452087,175,89.64358293451369,,132.72412517108023,5.277625052258372,175,138.0017502233386,,20935.754457954317,7.548291003331542,175,20943.30274895765,,96.87520796433093,175,96.87520796433093,q09,9,1.0,53.61366691067815,371.6969999950379,89.49575014412403,291.52883403003216,1208.8720409665257,1969.7735828813163,6735.045416979119,4523.510999977589,1207.5440830085429,2481.3104160130024,34630.53800002672,1690.9155410248786,,True,,True,,175,1042.33125038445,,True,,175,1821.2194996885955,,,True,,175,1991.1354170180855,175,956.659167073667
41,2026-02-16T02:16:13.534025,1691.4779166691003,,,True,,46.543417032808065,4.41887485794723,20,50.962291890755296,,74.75191703997552,6.491082953289151,20,81.24299999326468,,59.70283295027912,6.033249897882342,20,65.73608284816146,,48.27479179948568,20,48.27479179948568,q10,10,1.0,21.0788338445127,49.81166613288224,33.17654202692211,45.0312087778002,576.3814160600305,1101.741916034371,947.0694998744876,672.162750037387,680.4536250419915,1355.1007499918342,1353.3983749803156,578.1685418915004,,True,,True,,20,1452.5296660140157,,True,,20,3383.5435421206057,,,True,,20,2662.7485416829586,20,1427.7665000408888
42,2026-02-16T02:16:19.571410,1848.697833251208,,,True,,37.363332929089665,12.5942500308156,20,49.95758295990527,,77.44825002737343,3.653000108897686,20,81.10125013627112,,72.9539159219712,5.862042075023055,20,78.81595799699426,,82.39787514321506,20,82.39787514321506,q10,10,1.0,25.294791907072067,47.81829216517508,30.07654193788767,36.92375007085502,591.6722079273313,1114.4186249002814,943.7328749336302,849.6333749499172,695.6575422082096,1691.9632500503212,1443.316499935463,565.3559169732034,,True,,True,,20,1592.07741683349,,True,,20,3466.448166873306,,,True,,20,2676.575541961938,20,1456.012291368097
43,2026-02-16T02:16:25.526670,1749.038375215605,,,True,,46.68475012294948,4.597292048856616,20,51.2820421718061,,67.54820817150176,3.984625218436122,20,71.53283338993788,,65.41920779272914,5.624125013127923,20,71.04333280585706,,48.10112481936813,20,48.10112481936813,q10,10,1.0,27.060207910835743,48.63429092802107,25.747125037014484,43.150292010977864,564.1354590188712,1100.9704580064863,1005.1254590507596,738.1404580082744,646.7620418407023,1411.3463750109076,1308.3677089307455,541.0918749403208,,True,,True,,20,1537.94595785439,,True,,20,3377.068459056318,,,True,,20,2660.001792013645,20,1514.919999986887
44,2026-02-16T02:16:31.344151,1694.9928349349648,,,True,,46.895792009308934,4.805749980732799,20,51.70154199004173,,73.68862489238381,4.686417058110237,20,78.37504195049405,,60.697542037814856,6.770124891772866,20,67.46766692958772,,49.28562487475574,20,49.28562487475574,q10,10,1.0,20.864083897322416,52.25137481465936,40.31995800323784,32.61833405122161,554.6794170513749,1064.94737486355,928.986875107512,672.4799589719623,652.1609588526189,1387.9233330953866,1345.9642501547933,562.8574590664357,,True,,True,,20,1532.387999817729,,True,,20,3486.3711670041084,,,True,,20,2613.7552079744637,20,1509.744165930897
45,2026-02-16T02:16:37.205712,1756.9787916727364,,,True,,60.6814578641206,4.438666859641671,20,65.12012472376227,,77.5087911169976,4.3036669958382845,20,81.81245811283588,,71.39041693881154,8.982667000964284,20,80.37308393977582,,42.57537494413555,20,42.57537494413555,q10,10,1.0,22.095374995842576,120.83104206249118,36.5552909206599,87.30241702869534,506.5177499782294,1019.098041811958,900.062832981348,979.1390830650926,648.0093749705702,1311.5596249699593,1375.8972501382232,603.3023749478161,,True,,True,,20,1469.9229593388736,,True,,20,3327.7794159948826,,,True,,20,2676.997374743223,20,1562.511040829122
46,2026-02-16T02:16:44.979465,1021.5379169676452,,,True,,17.63091702014208,2.6338750030845404,2,20.26479202322662,,31.029457924887534,2.9065420385450125,2,33.93599996343255,,36.51900007389486,4.317875020205975,2,40.83687509410083,,19.6851659566164,2,19.6851659566164,q12,12,1.0,11.314957868307827,18.036457942798737,16.322209034115076,47.06820799037814,437.8740410320461,914.040874922648,841.7312090750784,955.6682088878006,619.6595830842853,1290.7000000122937,1459.7851659636945,586.6953751537949,,True,,True,,2,918.5702078975736,,True,,2,1803.1130833551288,,,True,,2,1778.2638748176396,2,983.9687920175492
47,2026-02-16T02:16:48.841034,1021.6643356252462,,,True,,17.167916987091303,2.379459096118808,2,19.54737608321011,,35.00474989414215,3.96908400580287,2,38.97383389994502,,35.33037495799363,4.367249784991145,2,39.69762474298477,,20.47616709023714,2,20.47616709023714,q12,12,1.0,11.737625114619732,31.18245815858245,29.121791943907738,49.34066697023809,537.7490830142051,929.3558329809456,897.711374796927,943.6790840700268,645.9144589025527,1339.0371659770608,2063.19099990651,608.5197499487549,,True,,True,,2,921.8008341267704,,True,,2,1751.1147088371215,,,True,,2,1783.0237499438226,2,969.8700001463294
48,2026-02-16T02:16:52.649668,1027.1672897506503,,,True,,18.917165929451585,2.5922078639268875,2,21.509373793378472,,33.86770794168115,3.77958407625556,2,37.64729201793671,,34.469665959477425,4.405417013913393,2,38.87508297339082,,23.015541024506092,2,23.015541024506092,q12,12,1.0,16.60216716118157,21.25454181805253,17.454874934628606,40.876958053559065,456.54854108579457,853.5869580227882,820.3262919560075,968.4732081368566,603.9260409306735,1340.9765830729157,1472.3064999561757,548.4055411070585,,True,,True,,2,1020.9388332441448,,True,,2,1846.5499999001624,,,True,,2,1764.9278338067234,2,1011.6657922044396
49,2026-02-16T02:16:56.656987,1130.6213741190732,,,True,,17.58308312855661,2.892333082854748,2,20.475416211411357,,32.75775001384318,3.034041030332446,2,35.791791044175625,,35.80154199153185,4.3990828562527895,2,40.20062484778464,,21.124124992638823,2,21.124124992638823,q12,12,1.0,17.90741691365838,18.42120918445289,18.95820815116167,31.9111249409616,451.1366249062121,860.6785840820521,798.6230831593275,617.6389581523836,624.6939159464091,1212.1037498582157,1338.3256669621917,527.0041250623763,,True,,True,,2,1003.4897918812932,,True,,2,1768.3027503080666,,,True,,2,1776.5666670165956,2,910.77100019902
50,2026-02-16T02:17:00.545920,1117.193915648386,,,True,,18.37733294814825,2.484290860593319,2,20.86162380874157,,33.2757500000298,3.561916993930936,2,36.83766699396074,,33.55258284136653,4.419292090460658,2,37.97187493182719,,17.751999897882342,2,17.751999897882342,q12,12,1.0,10.58887504041195,23.02816696465015,15.634292038157582,19.162417156621817,470.6123750656843,829.3292080052197,773.6667089629918,500.3603750374168,585.0470829755068,1263.2919589523226,1339.6827501710504,572.6695000194013,,True,,True,,2,930.8069171383976,,True,,2,1872.2107079811392,,,True,,2,2037.9026248119771,2,946.7944162897766
51,2026-02-16T02:17:08.380571,848.874915856868,,,True,,15.779125038534405,1.9757498521357777,1,17.75487489067018,,19.870667019858956,2.2427081130445004,1,22.113375132903457,,24.075041990727183,3.1738749239593744,1,27.24891691468656,,15.37041598930955,1,15.37041598930955,q14,14,1.0,14.851749874651432,9.197166888043284,8.805708028376102,17.34274998307228,288.29312487505376,568.5312091372907,643.3174998965114,325.29475004412234,515.9342919941992,1265.864709159359,1174.2137500550598,514.0470832120627,,True,,True,,1,632.6154163107276,,True,,1,1212.1915412135422,,,True,,1,1287.450292147696,1,614.7672911174595
52,2026-02-16T02:17:12.141703,722.2892926074564,,,True,,17.31249992735684,1.969875069335103,1,19.282374996691946,,23.35391682572663,2.156500006094575,1,25.510416831821203,,26.159832952544093,4.018709063529968,1,30.17854201607406,,19.005916779860858,1,19.005916779860858,q14,14,1.0,7.855207892134786,22.69204193726182,11.102624936029317,54.75683300755918,353.59941702336073,623.7020420376211,550.0322920270264,714.869667077437,533.645958872512,1132.069209124893,990.2549590915442,459.6141658257693,,True,,True,,1,716.0819168202579,,True,,1,1207.9754578880966,,,True,,1,1357.2081658057868,1,638.7443328276277
53,2026-02-16T02:17:15.904294,694.0957917831838,,,True,,16.235959017649293,2.1890830248594284,1,18.42504204250872,,17.35099987126887,2.237166976556182,1,19.58816684782505,,23.347750073298812,3.1978748738765717,1,26.545624947175384,,18.74574995599687,1,18.74574995599687,q14,14,1.0,22.538459161296487,12.280707946047189,13.71579198166728,30.58008383959532,445.20104210823774,549.3992092087865,535.4450840968639,389.98937513679266,528.1198329757899,912.1077908203006,972.898666979745,477.5250409729779,,True,,True,,1,632.276083342731,,True,,1,1225.2766671590507,,,True,,1,1217.3922918736937,1,644.7408748790622
54,2026-02-16T02:17:19.635624,712.2397082857788,,,True,,15.47375018708408,2.1363331470638514,1,17.61008333414793,,18.423291854560375,2.312750089913606,1,20.736041944473985,,24.72312492318451,2.9496250208467245,1,27.67274994403124,,16.265041893348098,1,16.265041893348098,q14,14,1.0,15.867292182520032,14.58800002001226,8.334249956533313,18.692375160753727,283.6981669533998,601.6424170229584,556.3604589551687,398.8802498206496,775.4864580929279,1161.3795419689268,1082.824375014752,570.2416661661118,,True,,True,,1,649.4052917696536,,True,,1,1282.1259167976675,,,True,,1,1213.592791929841,1,628.4065418876708
55,2026-02-16T02:17:23.376415,697.0811679493636,,,True,,16.141208121553063,2.325749956071377,1,18.46695807762444,,17.74799986742437,3.2982921693474054,1,21.046292036771774,,20.78729192726314,3.1309169717133045,1,23.918208898976445,,17.370209097862244,1,17.370209097862244,q14,14,1.0,10.430332971736789,12.212458066642284,7.568041095510125,117.37937503494322,308.4792911540717,563.1255421321839,633.6608750279993,602.3459169082344,504.87395911477506,1323.996250052005,1330.3687090519816,445.6860418431461,,True,,True,,1,720.5607909709215,,True,,1,1218.5470829717815,,,True,,1,1213.3522080257535,1,673.1175407767296
56,2026-02-16T02:17:36.492440,2050.369000993669,,,True,,64.46387502364814,4.237417131662369,57,68.70129215531051,,101.0461668483913,4.019208950921893,57,105.0653757993132,,88.352374965325,3.76741704531014,57,92.11979201063514,,48.502624966204166,57,48.502624966204166,q18,18,1.0,102.80025005340576,80.23716695606709,49.24391605891287,173.91466698609293,6650.462624849752,11087.684541940687,9245.957707986236,6388.7521252036095,2534.0317501686513,4029.548125108704,2974.6894580312073,2768.6163750477135,,True,,True,,57,1593.832875136286,,True,,57,3089.8432917892933,,,True,,57,2946.2575828656554,57,1800.007791724056
57,2026-02-16T02:17:43.026858,2014.1677940264344,,,True,,64.72870893776417,5.7335421442985535,57,70.46225108206272,,108.67141699418426,4.518167115747929,57,113.18958410993218,,88.75633287243545,3.763166954740882,57,92.51949982717632,,55.238333996385336,57,55.238333996385336,q18,18,1.0,87.43624994531274,64.1544999089092,65.20875007845461,212.62579201720655,6769.030584022403,11417.596874991432,8802.986041875556,7628.8904580287635,2592.561707831919,3840.5963331460953,2822.0191670116037,2749.834750080481,,True,,True,,57,1503.7783328443766,,True,,57,3170.9715416654944,,,True,,57,3174.281084444374,57,1662.0216672308743
58,2026-02-16T02:17:49.599198,2161.177122965455,,,True,,59.57500007934868,6.979957921430469,57,66.55495800077915,,101.89324989914894,2.8204999398440123,57,104.71374983899295,,85.79495805315673,4.110832931473851,57,89.90579098463058,,52.132041193544865,57,52.132041193544865,q18,18,1.0,108.85541699826716,68.39729100465775,55.51500013098121,165.09762522764504,7307.555374922231,11700.011625187472,9859.5839580521,8963.989542098716,2480.221833102405,3901.665708050132,2878.0458332039416,3800.7605830207463,,True,,True,,57,1526.9000828266144,,True,,57,3278.575290925801,,,True,,57,2963.8155410066247,57,1753.22079192847
59,2026-02-16T02:17:56.004925,2024.7651655226944,,,True,,57.054791832342744,5.37574989721179,57,62.430541729554534,,100.87174992077053,2.7829159516841173,57,103.65466587245464,,87.87024999037385,4.090500064194202,57,91.96075005456804,,52.85287485457957,57,52.85287485457957,q18,18,1.0,98.10179099440576,71.68095791712403,55.48691586591303,147.04070799052715,6042.870834004134,10826.080999802798,8456.565333064646,5969.829165842384,2436.65283289738,4440.051957964897,2796.8227909877896,2723.5393337905407,,True,,True,,57,1533.6561668664217,,True,,57,3179.510415997356,,,True,,57,2987.0200003497303,57,1738.400709349662
60,2026-02-16T02:18:02.461975,1983.326419023797,,,True,,59.01129194535315,4.033416975289583,57,63.044708920642734,,99.72462500445543,3.381500020623207,57,103.10612502507864,,90.33708390779792,4.279542015865445,57,94.61662592366338,,49.93887501768768,57,49.93887501768768,q18,18,1.0,78.78504111431539,154.1753748897463,65.06829196587205,120.17295905388892,5891.9166249688715,11021.465209079906,8751.783584011719,6095.751958200708,2646.5075828600675,3851.9018329679966,3065.3934159781784,2816.4971249643713,,True,,True,,57,1473.593750037253,,True,,57,3047.4781659431756,,,True,,57,2941.604125313461,57,1684.4497499987483
61,2026-02-16T02:18:21.749012,1707.7687501441687,,,True,,30.44112492352724,3.326833015307784,1,33.767957938835025,,48.76883304677904,5.291291978210211,1,54.06012502498925,,45.372291933745146,6.474083987995982,1,51.84637592174113,,35.459791077300906,1,35.459791077300906,q19,19,1.0,15.534583013504744,16.831374960020185,17.112416913732886,24.52512481249869,477.38929092884064,1006.1457080300896,764.5642920397222,517.0389579143375,527.7774999849498,1040.5704998411238,1157.1097918786108,501.5401251148433,,True,,True,,1,1516.9717906974256,,True,,1,2997.3788750357926,,,True,,1,2986.4833750762045,1,1522.0801662653685
62,2026-02-16T02:18:31.359384,1736.511168302968,,,True,,30.532417120411992,3.2566250301897526,1,33.789042150601745,,49.25708286464214,4.259584005922079,1,53.51666687056422,,49.35112502425909,7.02529214322567,1,56.37641716748476,,34.65591697022319,1,34.65591697022319,q19,19,1.0,8.666042005643249,11.132957879453896,12.002124916762114,15.662291087210178,403.8070419337601,794.2653750069439,751.0378339793533,430.83158298395574,574.9135001096874,1148.04020896554,1269.641333958134,1020.2625829260796,,True,,True,,1,1526.620415970683,,True,,1,2972.889833152294,,,True,,1,3120.273041073233,1,1497.6718751713634
63,2026-02-16T02:18:41.000028,1747.4006249103695,,,True,,31.58991690725088,3.2935000490397215,1,34.8834169562906,,47.16637497767806,4.1706671472638845,1,51.337042124941945,,46.60429176874459,7.769665913656354,1,54.37395768240094,,34.903583116829395,1,34.903583116829395,q19,19,1.0,8.083707885816693,12.142958119511604,12.751166941598058,18.481459002941847,495.8489171694964,811.8718338664621,755.4053331259638,745.2556251082569,514.6044997964054,1064.4468748942018,1132.2113340720534,522.7365419268608,,True,,True,,1,1599.6959577314556,,True,,1,3187.078333925456,,,True,,1,2975.549915805459,1,1521.893166936934
64,2026-02-16T02:18:50.482495,1707.1164587978274,,,True,,30.607083812355995,3.1139999628067017,1,33.7210837751627,,44.944000197574496,4.177417140454054,1,49.12141733802855,,48.96829184144735,6.4903749153018,1,55.45866675674915,,31.601290917024016,1,31.601290917024016,q19,19,1.0,12.426417088136075,15.273582888767123,16.829249914735556,31.72175004146993,435.57312502525747,840.689541073516,762.5690829008818,421.43024993129075,511.0409581102431,1051.621624967083,1106.6519170999527,486.71795800328255,,True,,True,,1,1512.4732907861471,,True,,1,2975.324667058885,,,True,,1,3038.793709129095,1,1557.2327501140535
65,2026-02-16T02:19:00.148891,1738.986915908754,,,True,,32.48766693286598,3.271375084295869,1,35.759042017161846,,47.88866708986461,4.160166950896382,1,52.048834040760994,,51.878666039556265,8.007790893316269,1,59.886456932872534,,31.521207885816693,1,31.521207885816693,q19,19,1.0,9.711042046546936,10.08508400991559,14.588208170607686,13.572624884545805,405.8527499437332,780.351750086993,727.2091249469668,417.96612506732345,504.4525000266731,1021.1539580486716,1099.4042078964412,500.88254106231034,,True,,True,,1,1500.5907909944654,,True,,1,3050.3081656061113,,,True,,1,2983.064291998744,1,1597.8264999575913
