source_section,target_section,comparison_status,category
1037,454,xml_only,rej16_dash_delimiter
105,104,xml_only,rej16_dash_delimiter
1293,960,xml_only,rej16_dash_delimiter
150,103,xml_only,rej16_dash_delimiter
199A,167,xml_only,rej16_dash_delimiter
3102,6051,xml_only,rej16_dash_delimiter
3202,6051,xml_only,rej16_dash_delimiter
424,1041,xml_only,rej16_dash_delimiter
50,1041,xml_only,rej16_dash_delimiter
5044,5361,xml_only,rej16_dash_delimiter
562,542,xml_only,rej16_dash_delimiter
5761,5704,xml_only,rej16_dash_delimiter
6015,6532,xml_only,rej16_dash_delimiter
6323,6324,xml_only,rej16_dash_delimiter
6343,6621,xml_only,rej16_dash_delimiter
643,3406,xml_only,rej16_dash_delimiter
707,1221,xml_only,rej16_dash_delimiter
7426,6621,xml_only,rej16_dash_delimiter
852,6621,xml_only,rej16_dash_delimiter
860F,1091,xml_only,rej16_dash_delimiter
108,464,rej16_only,rej16_external_law
125,1311,rej16_only,rej16_external_law
1250,221,rej16_only,rej16_external_law
139D,4,rej16_only,rej16_external_law
1402,222,rej16_only,rej16_external_law
142,211,rej16_only,rej16_external_law
1504,805,rej16_only,rej16_external_law
162,12,rej16_only,rej16_external_law
162,15,rej16_only,rej16_external_law
186,4,rej16_only,rej16_external_law
198,102,rej16_only,rej16_external_law
198,104,rej16_only,rej16_external_law
2055,5,rej16_only,rej16_external_law
223,1311,rej16_only,rej16_external_law
223,351,rej16_only,rej16_external_law
265,1312,rej16_only,rej16_external_law
280G,120,rej16_only,rej16_external_law
3121,105,rej16_only,rej16_external_law
3121,215,rej16_only,rej16_external_law
3121,218,rej16_only,rej16_external_law
3121,301,rej16_only,rej16_external_law
3121,5,rej16_only,rej16_external_law
3132,110,rej16_only,rej16_external_law
32,221,rej16_only,rej16_external_law
3231,3,rej16_only,rej16_external_law
3304,903,rej16_only,rej16_external_law
3306,101,rej16_only,rej16_external_law
3306,214,rej16_only,rej16_external_law
3306,903,rej16_only,rej16_external_law
3401,5,rej16_only,rej16_external_law
35,246,rej16_only,rej16_external_law
36B,1321,rej16_only,rej16_external_law
36B,1402,rej16_only,rej16_external_law
402A,404,rej16_only,rej16_external_law
402A,514,rej16_only,rej16_external_law
402A,801,rej16_only,rej16_external_law
40B,211,rej16_only,rej16_external_law
414,3,rej16_only,rej16_external_law
414,4403,rej16_only,rej16_external_law
415,216,rej16_only,rej16_external_law
42,221,rej16_only,rej16_external_law
431,4222,rej16_only,rej16_external_law
431,4223,rej16_only,rej16_external_law
432,101,rej16_only,rej16_external_law
432,4219,rej16_only,rej16_external_law
432,4262,rej16_only,rej16_external_law
4376,3,rej16_only,rej16_external_law
45B,3,rej16_only,rej16_external_law
45C,505,rej16_only,rej16_external_law
45Q,211,rej16_only,rej16_external_law
45S,102,rej16_only,rej16_external_law
45V,211,rej16_only,rej16_external_law
45Y,211,rej16_only,rej16_external_law
45Z,211,rej16_only,rej16_external_law
468,511,rej16_only,rej16_external_law
48A,169,rej16_only,rej16_external_law
48A,171,rej16_only,rej16_external_law
4975,407,rej16_only,rej16_external_law
4980B,9801,rej16_only,rej16_external_law
5000A,1411,rej16_only,rej16_external_law
501,212,rej16_only,rej16_external_law
51,212,rej16_only,rej16_external_law
514,303,rej16_only,rej16_external_law
527,301,rej16_only,rej16_external_law
529A,103,rej16_only,rej16_external_law
543,3,rej16_only,rej16_external_law
597,11,rej16_only,rej16_external_law
6033,301,rej16_only,rej16_external_law
6055,1402,rej16_only,rej16_external_law
6103,212,rej16_only,rej16_external_law
6103,403,rej16_only,rej16_external_law
6103,483,rej16_only,rej16_external_law
6109,12,rej16_only,rej16_external_law
62,102,rej16_only,rej16_external_law
62,105,rej16_only,rej16_external_law
62,302,rej16_only,rej16_external_law
62,4,rej16_only,rej16_external_law
62,703,rej16_only,rej16_external_law
62,804,rej16_only,rej16_external_law
6306,212,rej16_only,rej16_external_law
6402,464,rej16_only,rej16_external_law
6428,5502,rej16_only,rej16_external_law
6428A,1505,rej16_only,rej16_external_law
6428A,212,rej16_only,rej16_external_law
6428A,5502,rej16_only,rej16_external_law
6432,7001,rej16_only,rej16_external_law
6707A,15,rej16_only,rej16_external_law
72,3,rej16_only,rej16_external_law
7429,1402,rej16_only,rej16_external_law
743,3,rej16_only,rej16_external_law
7447,502,rej16_only,rej16_external_law
7508A,420,rej16_only,rej16_external_law
7526A,4,rej16_only,rej16_external_law
7608,1341,rej16_only,rej16_external_law
7608,3302,rej16_only,rej16_external_law
7652,4,rej16_only,rej16_external_law
851,3,rej16_only,rej16_external_law
912,22,rej16_only,rej16_external_law
912,5,rej16_only,rej16_external_law
9501,423,rej16_only,rej16_external_law
9508,9003,rej16_only,rej16_external_law
9509,1012,rej16_only,rej16_external_law
9509,1015,rej16_only,rej16_external_law
9509,5,rej16_only,rej16_external_law
956,2,rej16_only,rej16_external_law
9702,3,rej16_only,rej16_external_law
9707,402,rej16_only,rej16_external_law
9712,3,rej16_only,rej16_external_law
9712,402,rej16_only,rej16_external_law
9801,311,rej16_only,rej16_external_law
9816,9815,rej16_only,rej16_external_law
1,521,xml_only,rej16_multi_section_list
1,662,xml_only,rej16_multi_section_list
1,857,xml_only,rej16_multi_section_list
1001,1015,xml_only,rej16_multi_section_list
1001,1041,xml_only,rej16_multi_section_list
101,7702,xml_only,rej16_multi_section_list
101,7702A,xml_only,rej16_multi_section_list
1016,1,xml_only,rej16_multi_section_list
1016,1045,xml_only,rej16_multi_section_list
1016,1397B,xml_only,rej16_multi_section_list
1033,6501,xml_only,rej16_multi_section_list
1042,423,xml_only,rej16_multi_section_list
1042,424,xml_only,rej16_multi_section_list
1042,4979A,xml_only,rej16_multi_section_list
108,1274,xml_only,rej16_multi_section_list
108,355,xml_only,rej16_multi_section_list
108,356,xml_only,rej16_multi_section_list
1202,613A,xml_only,rej16_multi_section_list
1223,1397B,xml_only,rej16_multi_section_list
1244,243,xml_only,rej16_multi_section_list
1244,245,xml_only,rej16_multi_section_list
1245,1033,xml_only,rej16_multi_section_list
1245,179B,xml_only,rej16_multi_section_list
1245,179C,xml_only,rej16_multi_section_list
1245,179D,xml_only,rej16_multi_section_list
1245,179E,xml_only,rej16_multi_section_list
1245,181,xml_only,rej16_multi_section_list
1245,188,xml_only,rej16_multi_section_list
1245,190,xml_only,rej16_multi_section_list
1245,193,xml_only,rej16_multi_section_list
1245,351,xml_only,rej16_multi_section_list
1245,361,xml_only,rej16_multi_section_list
1245,721,xml_only,rej16_multi_section_list
1245,731,xml_only,rej16_multi_section_list
1248,337,xml_only,rej16_multi_section_list
1248,355,xml_only,rej16_multi_section_list
1248,361,xml_only,rej16_multi_section_list
125,117,xml_only,rej16_multi_section_list
125,127,xml_only,rej16_multi_section_list
125,132,xml_only,rej16_multi_section_list
1250,351,xml_only,rej16_multi_section_list
1250,361,xml_only,rej16_multi_section_list
1250,721,xml_only,rej16_multi_section_list
1250,731,xml_only,rej16_multi_section_list
1254,616,xml_only,rej16_multi_section_list
127,162,xml_only,rej16_multi_section_list
127,212,xml_only,rej16_multi_section_list
1271,1286,xml_only,rej16_multi_section_list
1275,483,xml_only,rej16_multi_section_list
1276,1441,xml_only,rej16_multi_section_list
1276,1442,xml_only,rej16_multi_section_list
1276,355,xml_only,rej16_multi_section_list
1276,356,xml_only,rej16_multi_section_list
1276,6049,xml_only,rej16_multi_section_list
1276,871,xml_only,rej16_multi_section_list
1276,881,xml_only,rej16_multi_section_list
1278,1441,xml_only,rej16_multi_section_list
1278,1442,xml_only,rej16_multi_section_list
1278,6049,xml_only,rej16_multi_section_list
1278,871,xml_only,rej16_multi_section_list
1278,881,xml_only,rej16_multi_section_list
1283,1282,xml_only,rej16_multi_section_list
1288,1274,xml_only,rej16_multi_section_list
1291,11,xml_only,rej16_multi_section_list
132,167,xml_only,rej16_multi_section_list
135,137,xml_only,rej16_multi_section_list
135,219,xml_only,rej16_multi_section_list
135,221,xml_only,rej16_multi_section_list
135,469,xml_only,rej16_multi_section_list
135,911,xml_only,rej16_multi_section_list
135,931,xml_only,rej16_multi_section_list
135,933,xml_only,rej16_multi_section_list
1351,801,xml_only,rej16_multi_section_list
1361,469,xml_only,rej16_multi_section_list
1361,593,xml_only,rej16_multi_section_list
137,135,xml_only,rej16_multi_section_list
137,219,xml_only,rej16_multi_section_list
137,469,xml_only,rej16_multi_section_list
1402,3211,xml_only,rej16_multi_section_list
141,1,xml_only,rej16_multi_section_list
1411,403,xml_only,rej16_multi_section_list
1411,408,xml_only,rej16_multi_section_list
1411,408A,xml_only,rej16_multi_section_list
1411,457,xml_only,rej16_multi_section_list
143,1274,xml_only,rej16_multi_section_list
1444,1442,xml_only,rej16_multi_section_list
1444,881,xml_only,rej16_multi_section_list
1446,613A,xml_only,rej16_multi_section_list
1471,6042,xml_only,rej16_multi_section_list
1471,6045,xml_only,rej16_multi_section_list
1471,6049,xml_only,rej16_multi_section_list
148,1274,xml_only,rej16_multi_section_list
151,931,xml_only,rej16_multi_section_list
151,933,xml_only,rej16_multi_section_list
152,132,xml_only,rej16_multi_section_list
152,213,xml_only,rej16_multi_section_list
163,245,xml_only,rej16_multi_section_list
163,246,xml_only,rej16_multi_section_list
163,246A,xml_only,rej16_multi_section_list
163,78,xml_only,rej16_multi_section_list
163,931,xml_only,rej16_multi_section_list
163,933,xml_only,rej16_multi_section_list
163,951A,xml_only,rej16_multi_section_list
164,931,xml_only,rej16_multi_section_list
164,933,xml_only,rej16_multi_section_list
165,1212,xml_only,rej16_multi_section_list
167,404,xml_only,rej16_multi_section_list
167,419,xml_only,rej16_multi_section_list
167,6655,xml_only,rej16_multi_section_list
168,351,xml_only,rej16_multi_section_list
168,361,xml_only,rej16_multi_section_list
168,721,xml_only,rej16_multi_section_list
168,731,xml_only,rej16_multi_section_list
168,933,xml_only,rej16_multi_section_list
170,1245,xml_only,rej16_multi_section_list
170,1250,xml_only,rej16_multi_section_list
170,1252,xml_only,rej16_multi_section_list
170,1254,xml_only,rej16_multi_section_list
170,2106,xml_only,rej16_multi_section_list
170,2522,xml_only,rej16_multi_section_list
195,164,xml_only,rej16_multi_section_list
195,174,xml_only,rej16_multi_section_list
195,174A,xml_only,rej16_multi_section_list
197,1031,xml_only,rej16_multi_section_list
197,1033,xml_only,rej16_multi_section_list
197,351,xml_only,rej16_multi_section_list
197,361,xml_only,rej16_multi_section_list
197,721,xml_only,rej16_multi_section_list
197,731,xml_only,rej16_multi_section_list
197,734,xml_only,rej16_multi_section_list
197,743,xml_only,rej16_multi_section_list
198,468,xml_only,rej16_multi_section_list
2,55,xml_only,rej16_multi_section_list
2,877,xml_only,rej16_multi_section_list
2013,2014,xml_only,rej16_multi_section_list
2013,2054,xml_only,rej16_multi_section_list
2014,2012,xml_only,rej16_multi_section_list
2014,2056,xml_only,rej16_multi_section_list
2014,6512,xml_only,rej16_multi_section_list
2015,2101,xml_only,rej16_multi_section_list
2035,2037,xml_only,rej16_multi_section_list
2035,2042,xml_only,rej16_multi_section_list
2041,2036,xml_only,rej16_multi_section_list
2041,2037,xml_only,rej16_multi_section_list
2056A,2032,xml_only,rej16_multi_section_list
2056A,2032A,xml_only,rej16_multi_section_list
2056A,2055,xml_only,rej16_multi_section_list
2056A,2058,xml_only,rej16_multi_section_list
2056A,6166,xml_only,rej16_multi_section_list
2058,6166,xml_only,rej16_multi_section_list
2058,6512,xml_only,rej16_multi_section_list
2102,2013,xml_only,rej16_multi_section_list
2106,2054,xml_only,rej16_multi_section_list
2107,2013,xml_only,rej16_multi_section_list
219,135,xml_only,rej16_multi_section_list
219,137,xml_only,rej16_multi_section_list
219,221,xml_only,rej16_multi_section_list
219,469,xml_only,rej16_multi_section_list
219,911,xml_only,rej16_multi_section_list
2201,2101,xml_only,rej16_multi_section_list
2204,6163,xml_only,rej16_multi_section_list
221,135,xml_only,rej16_multi_section_list
221,137,xml_only,rej16_multi_section_list
221,219,xml_only,rej16_multi_section_list
221,469,xml_only,rej16_multi_section_list
221,530,xml_only,rej16_multi_section_list
223,9817,xml_only,rej16_multi_section_list
224,6041A,xml_only,rej16_multi_section_list
224,6050W,xml_only,rej16_multi_section_list
224,6051,xml_only,rej16_multi_section_list
224,931,xml_only,rej16_multi_section_list
224,933,xml_only,rej16_multi_section_list
225,931,xml_only,rej16_multi_section_list
225,933,xml_only,rej16_multi_section_list
23,931,xml_only,rej16_multi_section_list
23,933,xml_only,rej16_multi_section_list
24,931,xml_only,rej16_multi_section_list
24,933,xml_only,rej16_multi_section_list
245,960,xml_only,rej16_multi_section_list
245,986,xml_only,rej16_multi_section_list
245A,986,xml_only,rej16_multi_section_list
246,199A,xml_only,rej16_multi_section_list
249,1274,xml_only,rej16_multi_section_list
25,25D,xml_only,rej16_multi_section_list
2503,417,xml_only,rej16_multi_section_list
2523,2515A,xml_only,rej16_multi_section_list
2524,2523,xml_only,rej16_multi_section_list
25A,931,xml_only,rej16_multi_section_list
25A,933,xml_only,rej16_multi_section_list
25B,401,xml_only,rej16_multi_section_list
25B,404,xml_only,rej16_multi_section_list
25B,408,xml_only,rej16_multi_section_list
25B,931,xml_only,rej16_multi_section_list
25B,933,xml_only,rej16_multi_section_list
25E,931,xml_only,rej16_multi_section_list
25E,933,xml_only,rej16_multi_section_list
26,408,xml_only,rej16_multi_section_list
26,881,xml_only,rej16_multi_section_list
2624,2032A,xml_only,rej16_multi_section_list
263,1276,xml_only,rej16_multi_section_list
263,1281,xml_only,rej16_multi_section_list
263,1282,xml_only,rej16_multi_section_list
263,174A,xml_only,rej16_multi_section_list
263,212,xml_only,rej16_multi_section_list
263,245,xml_only,rej16_multi_section_list
263,291,xml_only,rej16_multi_section_list
263A,174A,xml_only,rej16_multi_section_list
263A,179B,xml_only,rej16_multi_section_list
263A,263,xml_only,rej16_multi_section_list
263A,291,xml_only,rej16_multi_section_list
263A,616,xml_only,rej16_multi_section_list
263A,617,xml_only,rej16_multi_section_list
264,7702,xml_only,rej16_multi_section_list
264,7702A,xml_only,rej16_multi_section_list
2642,2522,xml_only,rej16_multi_section_list
267,11,xml_only,rej16_multi_section_list
275,3211,xml_only,rej16_multi_section_list
277,245,xml_only,rej16_multi_section_list
2801,2056,xml_only,rej16_multi_section_list
2801,2522,xml_only,rej16_multi_section_list
2801,2523,xml_only,rej16_multi_section_list
280C,1396,xml_only,rej16_multi_section_list
280C,45P,xml_only,rej16_multi_section_list
280C,51,xml_only,rej16_multi_section_list
291,1,xml_only,rej16_multi_section_list
301,245,xml_only,rej16_multi_section_list
302,6502,xml_only,rej16_multi_section_list
303,2054,xml_only,rej16_multi_section_list
304,303,xml_only,rej16_multi_section_list
304,358,xml_only,rej16_multi_section_list
304,961,xml_only,rej16_multi_section_list
30D,931,xml_only,rej16_multi_section_list
30D,933,xml_only,rej16_multi_section_list
312,179B,xml_only,rej16_multi_section_list
312,179C,xml_only,rej16_multi_section_list
312,179E,xml_only,rej16_multi_section_list
312,248,xml_only,rej16_multi_section_list
312,303,xml_only,rej16_multi_section_list
312,617,xml_only,rej16_multi_section_list
3121,108,xml_only,rej16_multi_section_list
3121,117,xml_only,rej16_multi_section_list
3121,129,xml_only,rej16_multi_section_list
3121,132,xml_only,rej16_multi_section_list
3121,134,xml_only,rej16_multi_section_list
3131,3132,xml_only,rej16_multi_section_list
3131,3134,xml_only,rej16_multi_section_list
3131,45P,xml_only,rej16_multi_section_list
3131,45S,xml_only,rej16_multi_section_list
3131,51,xml_only,rej16_multi_section_list
3132,3134,xml_only,rej16_multi_section_list
3132,45P,xml_only,rej16_multi_section_list
3132,45S,xml_only,rej16_multi_section_list
3132,51,xml_only,rej16_multi_section_list
3134,1396,xml_only,rej16_multi_section_list
3134,3132,xml_only,rej16_multi_section_list
3134,45A,xml_only,rej16_multi_section_list
3134,45P,xml_only,rej16_multi_section_list
3134,45S,xml_only,rej16_multi_section_list
3231,108,xml_only,rej16_multi_section_list
3231,117,xml_only,rej16_multi_section_list
3231,132,xml_only,rej16_multi_section_list
3306,108,xml_only,rej16_multi_section_list
3306,117,xml_only,rej16_multi_section_list
3306,129,xml_only,rej16_multi_section_list
3306,132,xml_only,rej16_multi_section_list
3306,134,xml_only,rej16_multi_section_list
3306,3302,xml_only,rej16_multi_section_list
3322,3308,xml_only,rej16_multi_section_list
338,354,xml_only,rej16_multi_section_list
338,355,xml_only,rej16_multi_section_list
338,356,xml_only,rej16_multi_section_list
3401,108,xml_only,rej16_multi_section_list
3401,117,xml_only,rej16_multi_section_list
3401,129,xml_only,rej16_multi_section_list
3401,132,xml_only,rej16_multi_section_list
3401,134,xml_only,rej16_multi_section_list
3402,3404,xml_only,rej16_multi_section_list
346,351,xml_only,rej16_multi_section_list
3502,3211,xml_only,rej16_multi_section_list
3505,3202,xml_only,rej16_multi_section_list
3505,3402,xml_only,rej16_multi_section_list
3505,3403,xml_only,rej16_multi_section_list
3509,6041A,xml_only,rej16_multi_section_list
3509,6051,xml_only,rej16_multi_section_list
351,362,xml_only,rej16_multi_section_list
3511,3231,xml_only,rej16_multi_section_list
3511,3306,xml_only,rej16_multi_section_list
355,354,xml_only,rej16_multi_section_list
358,354,xml_only,rej16_multi_section_list
36,931,xml_only,rej16_multi_section_list
36,933,xml_only,rej16_multi_section_list
367,354,xml_only,rej16_multi_section_list
368,351,xml_only,rej16_multi_section_list
368,591,xml_only,rej16_multi_section_list
381,1,xml_only,rej16_multi_section_list
381,168,xml_only,rej16_multi_section_list
401,419A,xml_only,rej16_multi_section_list
402A,1,xml_only,rej16_multi_section_list
402A,3405,xml_only,rej16_multi_section_list
403,132,xml_only,rej16_multi_section_list
404,4064,xml_only,rej16_multi_section_list
408,403,xml_only,rej16_multi_section_list
4081,4,xml_only,rej16_multi_section_list
4083,4271,xml_only,rej16_multi_section_list
4083,4282,xml_only,rej16_multi_section_list
408A,403,xml_only,rej16_multi_section_list
408A,457,xml_only,rej16_multi_section_list
409,1,xml_only,rej16_multi_section_list
409,417,xml_only,rej16_multi_section_list
40A,40B,xml_only,rej16_multi_section_list
4101,4081,xml_only,rej16_multi_section_list
4103,4081,xml_only,rej16_multi_section_list
4104,40,xml_only,rej16_multi_section_list
4104,40A,xml_only,rej16_multi_section_list
4104,6426,xml_only,rej16_multi_section_list
4104,6427,xml_only,rej16_multi_section_list
411,403,xml_only,rej16_multi_section_list
411,408,xml_only,rej16_multi_section_list
411,415,xml_only,rej16_multi_section_list
411,457,xml_only,rej16_multi_section_list
414,106,xml_only,rej16_multi_section_list
414,117,xml_only,rej16_multi_section_list
414,127,xml_only,rej16_multi_section_list
414,132,xml_only,rej16_multi_section_list
414,137,xml_only,rej16_multi_section_list
414,2,xml_only,rej16_multi_section_list
414,274,xml_only,rej16_multi_section_list
414,4980B,xml_only,rej16_multi_section_list
414,505,xml_only,rej16_multi_section_list
414,6059,xml_only,rej16_multi_section_list
415,132,xml_only,rej16_multi_section_list
420,433,xml_only,rej16_multi_section_list
4222,4064,xml_only,rej16_multi_section_list
4222,4101,xml_only,rej16_multi_section_list
4222,4182,xml_only,rej16_multi_section_list
424,355,xml_only,rej16_multi_section_list
424,356,xml_only,rej16_multi_section_list
4261,4282,xml_only,rej16_multi_section_list
4281,4271,xml_only,rej16_multi_section_list
4282,4271,xml_only,rej16_multi_section_list
4293,4121,xml_only,rej16_multi_section_list
4413,4902,xml_only,rej16_multi_section_list
4413,4904,xml_only,rej16_multi_section_list
4413,4905,xml_only,rej16_multi_section_list
4413,4906,xml_only,rej16_multi_section_list
4421,521,xml_only,rej16_multi_section_list
444,1378,xml_only,rej16_multi_section_list
45,3,xml_only,rej16_multi_section_list
451,1250,xml_only,rej16_multi_section_list
451,1441,xml_only,rej16_multi_section_list
451,1442,xml_only,rej16_multi_section_list
451,881,xml_only,rej16_multi_section_list
453,1250,xml_only,rej16_multi_section_list
453A,11,xml_only,rej16_multi_section_list
45Y,45J,xml_only,rej16_multi_section_list
45Y,45U,xml_only,rej16_multi_section_list
45Y,48A,xml_only,rej16_multi_section_list
45Y,48E,xml_only,rej16_multi_section_list
460,6655,xml_only,rej16_multi_section_list
461,199A,xml_only,rej16_multi_section_list
465,404,xml_only,rej16_multi_section_list
467,1250,xml_only,rej16_multi_section_list
467,404A,xml_only,rej16_multi_section_list
469,135,xml_only,rej16_multi_section_list
469,137,xml_only,rej16_multi_section_list
469,2,xml_only,rej16_multi_section_list
469,221,xml_only,rej16_multi_section_list
469,245,xml_only,rej16_multi_section_list
469,250,xml_only,rej16_multi_section_list
475,263A,xml_only,rej16_multi_section_list
475,7704,xml_only,rej16_multi_section_list
48C,45Q,xml_only,rej16_multi_section_list
48C,45V,xml_only,rej16_multi_section_list
48C,48A,xml_only,rej16_multi_section_list
48C,48B,xml_only,rej16_multi_section_list
48C,48E,xml_only,rej16_multi_section_list
48D,1366,xml_only,rej16_multi_section_list
4947,2055,xml_only,rej16_multi_section_list
4947,2106,xml_only,rej16_multi_section_list
4947,2522,xml_only,rej16_multi_section_list
4947,545,xml_only,rej16_multi_section_list
4947,642,xml_only,rej16_multi_section_list
4948,2055,xml_only,rej16_multi_section_list
4948,2106,xml_only,rej16_multi_section_list
4948,2522,xml_only,rej16_multi_section_list
4948,545,xml_only,rej16_multi_section_list
4948,642,xml_only,rej16_multi_section_list
4963,4945,xml_only,rej16_multi_section_list
4963,4951,xml_only,rej16_multi_section_list
4963,4952,xml_only,rej16_multi_section_list
4963,4955,xml_only,rej16_multi_section_list
4963,4958,xml_only,rej16_multi_section_list
4963,4966,xml_only,rej16_multi_section_list
4963,4967,xml_only,rej16_multi_section_list
4963,4975,xml_only,rej16_multi_section_list
4973,457,xml_only,rej16_multi_section_list
4975,1,xml_only,rej16_multi_section_list
4979A,4978,xml_only,rej16_multi_section_list
50,48A,xml_only,rej16_multi_section_list
50,48B,xml_only,rej16_multi_section_list
50,48C,xml_only,rej16_multi_section_list
5003,5313,xml_only,rej16_multi_section_list
501,1,xml_only,rej16_multi_section_list
501,1033,xml_only,rej16_multi_section_list
501,2055,xml_only,rej16_multi_section_list
501,2106,xml_only,rej16_multi_section_list
501,2522,xml_only,rej16_multi_section_list
501,311,xml_only,rej16_multi_section_list
501,503,xml_only,rej16_multi_section_list
501,545,xml_only,rej16_multi_section_list
501,642,xml_only,rej16_multi_section_list
5061,5051,xml_only,rej16_multi_section_list
508,2055,xml_only,rej16_multi_section_list
508,2106,xml_only,rej16_multi_section_list
508,2522,xml_only,rej16_multi_section_list
508,545,xml_only,rej16_multi_section_list
508,642,xml_only,rej16_multi_section_list
5101,5687,xml_only,rej16_multi_section_list
512,245,xml_only,rej16_multi_section_list
5124,5122,xml_only,rej16_multi_section_list
5132,7302,xml_only,rej16_multi_section_list
5173,7510,xml_only,rej16_multi_section_list
5176,5175,xml_only,rej16_multi_section_list
5177,5175,xml_only,rej16_multi_section_list
5177,5615,xml_only,rej16_multi_section_list
5206,5613,xml_only,rej16_multi_section_list
5214,5242,xml_only,rej16_multi_section_list
5222,5615,xml_only,rej16_multi_section_list
530,931,xml_only,rej16_multi_section_list
530,933,xml_only,rej16_multi_section_list
5392,5385,xml_only,rej16_multi_section_list
5392,5386,xml_only,rej16_multi_section_list
5392,5387,xml_only,rej16_multi_section_list
542,501,xml_only,rej16_multi_section_list
542,509,xml_only,rej16_multi_section_list
543,174,xml_only,rej16_multi_section_list
543,174A,xml_only,rej16_multi_section_list
543,195,xml_only,rej16_multi_section_list
55,49,xml_only,rej16_multi_section_list
55,50,xml_only,rej16_multi_section_list
5511,5179,xml_only,rej16_multi_section_list
5511,5203,xml_only,rej16_multi_section_list
56,1,xml_only,rej16_multi_section_list
5604,5557,xml_only,rej16_multi_section_list
5604,7608,xml_only,rej16_multi_section_list
56A,6417,xml_only,rej16_multi_section_list
56A,951A,xml_only,rej16_multi_section_list
5713,5712,xml_only,rej16_multi_section_list
5761,6653,xml_only,rej16_multi_section_list
58,57,xml_only,rej16_multi_section_list
581,584,xml_only,rej16_multi_section_list
5846,5811,xml_only,rej16_multi_section_list
5846,5821,xml_only,rej16_multi_section_list
5891,461,xml_only,rej16_multi_section_list
59,1366,xml_only,rej16_multi_section_list
59,465,xml_only,rej16_multi_section_list
59,58,xml_only,rej16_multi_section_list
59A,1442,xml_only,rej16_multi_section_list
59A,245A,xml_only,rej16_multi_section_list
59A,250,xml_only,rej16_multi_section_list
59A,881,xml_only,rej16_multi_section_list
6013,6502,xml_only,rej16_multi_section_list
6013,7851,xml_only,rej16_multi_section_list
6015,55,xml_only,rej16_multi_section_list
6015,6512,xml_only,rej16_multi_section_list
6015,6861,xml_only,rej16_multi_section_list
6015,7121,xml_only,rej16_multi_section_list
6015,7122,xml_only,rej16_multi_section_list
6032,6062,xml_only,rej16_multi_section_list
6038A,7603,xml_only,rej16_multi_section_list
6038B,351,xml_only,rej16_multi_section_list
6038B,354,xml_only,rej16_multi_section_list
6038B,355,xml_only,rej16_multi_section_list
6038B,356,xml_only,rej16_multi_section_list
6038B,361,xml_only,rej16_multi_section_list
6038C,7603,xml_only,rej16_multi_section_list
6038E,5041,xml_only,rej16_multi_section_list
6038E,5051,xml_only,rej16_multi_section_list
6039D,105,xml_only,rej16_multi_section_list
6039D,106,xml_only,rej16_multi_section_list
6039D,125,xml_only,rej16_multi_section_list
6039D,127,xml_only,rej16_multi_section_list
6039D,129,xml_only,rej16_multi_section_list
6039D,137,xml_only,rej16_multi_section_list
6039G,877A,xml_only,rej16_multi_section_list
6040,2016,xml_only,rej16_multi_section_list
6040,6901,xml_only,rej16_multi_section_list
6040,6903,xml_only,rej16_multi_section_list
6041,6044,xml_only,rej16_multi_section_list
6041,6045,xml_only,rej16_multi_section_list
6041,6047,xml_only,rej16_multi_section_list
6041,6049,xml_only,rej16_multi_section_list
6041,6050N,xml_only,rej16_multi_section_list
6041A,6052,xml_only,rej16_multi_section_list
6041A,6053,xml_only,rej16_multi_section_list
6046,7203,xml_only,rej16_multi_section_list
6046A,7203,xml_only,rej16_multi_section_list
6047,6721,xml_only,rej16_multi_section_list
6047,6722,xml_only,rej16_multi_section_list
6048,404,xml_only,rej16_multi_section_list
6048,404A,xml_only,rej16_multi_section_list
6048,7603,xml_only,rej16_multi_section_list
6048,7604,xml_only,rej16_multi_section_list
6051,3211,xml_only,rej16_multi_section_list
6051,7204,xml_only,rej16_multi_section_list
6061,6063,xml_only,rej16_multi_section_list
6072,6013,xml_only,rej16_multi_section_list
6072,6017,xml_only,rej16_multi_section_list
6072,6037,xml_only,rej16_multi_section_list
6103,6695,xml_only,rej16_multi_section_list
6103,7213A,xml_only,rej16_multi_section_list
6103,7214,xml_only,rej16_multi_section_list
6103,911,xml_only,rej16_multi_section_list
6103,933,xml_only,rej16_multi_section_list
6104,6058,xml_only,rej16_multi_section_list
6105,7213A,xml_only,rej16_multi_section_list
6105,7431,xml_only,rej16_multi_section_list
6110,6105,xml_only,rej16_multi_section_list
6110,7461,xml_only,rej16_multi_section_list
6155,6213,xml_only,rej16_multi_section_list
6166,2054,xml_only,rej16_multi_section_list
62,529,xml_only,rej16_multi_section_list
62,530,xml_only,rej16_multi_section_list
6201,6655,xml_only,rej16_multi_section_list
6205,3111,xml_only,rej16_multi_section_list
6205,3201,xml_only,rej16_multi_section_list
6205,3221,xml_only,rej16_multi_section_list
6205,3402,xml_only,rej16_multi_section_list
6206,6421,xml_only,rej16_multi_section_list
6206,6435,xml_only,rej16_multi_section_list
6211,6852,xml_only,rej16_multi_section_list
6212,6852,xml_only,rej16_multi_section_list
6213,6428,xml_only,rej16_multi_section_list
6213,6428A,xml_only,rej16_multi_section_list
6213,6852,xml_only,rej16_multi_section_list
6213,6861,xml_only,rej16_multi_section_list
6225,11,xml_only,rej16_multi_section_list
6225,6511,xml_only,rej16_multi_section_list
6234,1,xml_only,rej16_multi_section_list
6241,6502,xml_only,rej16_multi_section_list
6302,4271,xml_only,rej16_multi_section_list
6323,591,xml_only,rej16_multi_section_list
6327,724,xml_only,rej16_multi_section_list
6343,403,xml_only,rej16_multi_section_list
6343,408A,xml_only,rej16_multi_section_list
6343,457,xml_only,rej16_multi_section_list
6412,4081,xml_only,rej16_multi_section_list
6413,3111,xml_only,rej16_multi_section_list
6413,3221,xml_only,rej16_multi_section_list
6413,3402,xml_only,rej16_multi_section_list
6415,4261,xml_only,rej16_multi_section_list
6415,4271,xml_only,rej16_multi_section_list
6417,1366,xml_only,rej16_multi_section_list
6418,1366,xml_only,rej16_multi_section_list
642,1,xml_only,rej16_multi_section_list
642,197,xml_only,rej16_multi_section_list
642,2054,xml_only,rej16_multi_section_list
642,661,xml_only,rej16_multi_section_list
6432,3132,xml_only,rej16_multi_section_list
6433,404,xml_only,rej16_multi_section_list
6433,414,xml_only,rej16_multi_section_list
6433,415,xml_only,rej16_multi_section_list
6433,416,xml_only,rej16_multi_section_list
6433,931,xml_only,rej16_multi_section_list
6433,933,xml_only,rej16_multi_section_list
646,661,xml_only,rej16_multi_section_list
6501,30C,xml_only,rej16_multi_section_list
6501,30D,xml_only,rej16_multi_section_list
6501,35,xml_only,rej16_multi_section_list
6501,40,xml_only,rej16_multi_section_list
6501,43,xml_only,rej16_multi_section_list
6501,45B,xml_only,rej16_multi_section_list
6501,45C,xml_only,rej16_multi_section_list
6501,45H,xml_only,rej16_multi_section_list
6501,4974,xml_only,rej16_multi_section_list
6501,51,xml_only,rej16_multi_section_list
6501,6038,xml_only,rej16_multi_section_list
6501,6038A,xml_only,rej16_multi_section_list
6501,6038B,xml_only,rej16_multi_section_list
6501,6046,xml_only,rej16_multi_section_list
6501,6046A,xml_only,rej16_multi_section_list
6501,6048,xml_only,rej16_multi_section_list
6503,4971,xml_only,rej16_multi_section_list
6503,4975,xml_only,rej16_multi_section_list
6503,6166,xml_only,rej16_multi_section_list
6504,6421,xml_only,rej16_multi_section_list
6504,6427,xml_only,rej16_multi_section_list
6504,6695,xml_only,rej16_multi_section_list
6511,2015,xml_only,rej16_multi_section_list
6511,6695,xml_only,rej16_multi_section_list
6514,7405,xml_only,rej16_multi_section_list
6531,7207,xml_only,rej16_multi_section_list
6601,6653,xml_only,rej16_multi_section_list
6601,6655,xml_only,rej16_multi_section_list
6622,6655,xml_only,rej16_multi_section_list
663,4948,xml_only,rej16_multi_section_list
663,681,xml_only,rej16_multi_section_list
6651,6655,xml_only,rej16_multi_section_list
6652,7705,xml_only,rej16_multi_section_list
6655,4940,xml_only,rej16_multi_section_list
6656,6862,xml_only,rej16_multi_section_list
6658,6654,xml_only,rej16_multi_section_list
6658,6655,xml_only,rej16_multi_section_list
6662,45Y,xml_only,rej16_multi_section_list
6662,48E,xml_only,rej16_multi_section_list
6662,6038B,xml_only,rej16_multi_section_list
6662,6038D,xml_only,rej16_multi_section_list
6662,6046A,xml_only,rej16_multi_section_list
6662,6048,xml_only,rej16_multi_section_list
6664,6663,xml_only,rej16_multi_section_list
6665,6655,xml_only,rej16_multi_section_list
6675,6421,xml_only,rej16_multi_section_list
6675,6427,xml_only,rej16_multi_section_list
6675,6435,xml_only,rej16_multi_section_list
6679,6046A,xml_only,rej16_multi_section_list
6695,25A,xml_only,rej16_multi_section_list
6695,32,xml_only,rej16_multi_section_list
6696,6695,xml_only,rej16_multi_section_list
6696,6695A,xml_only,rej16_multi_section_list
67,651,xml_only,rej16_multi_section_list
67,661,xml_only,rej16_multi_section_list
6703,6701,xml_only,rej16_multi_section_list
6703,6702,xml_only,rej16_multi_section_list
672,675,xml_only,rej16_multi_section_list
6721,5,xml_only,rej16_multi_section_list
6721,6041A,xml_only,rej16_multi_section_list
6721,6050H,xml_only,rej16_multi_section_list
6721,6050J,xml_only,rej16_multi_section_list
6721,6050K,xml_only,rej16_multi_section_list
6721,6050L,xml_only,rej16_multi_section_list
6722,5,xml_only,rej16_multi_section_list
6722,6050K,xml_only,rej16_multi_section_list
6722,6050L,xml_only,rej16_multi_section_list
6724,6722,xml_only,rej16_multi_section_list
6751,6654,xml_only,rej16_multi_section_list
6751,6655,xml_only,rej16_multi_section_list
6751,6662,xml_only,rej16_multi_section_list
6863,6852,xml_only,rej16_multi_section_list
6867,6861,xml_only,rej16_multi_section_list
691,1202,xml_only,rej16_multi_section_list
691,1211,xml_only,rej16_multi_section_list
691,163,xml_only,rej16_multi_section_list
691,164,xml_only,rej16_multi_section_list
691,2101,xml_only,rej16_multi_section_list
691,212,xml_only,rej16_multi_section_list
7012,5841,xml_only,rej16_multi_section_list
7012,5861,xml_only,rej16_multi_section_list
72,3405,xml_only,rej16_multi_section_list
72,417,xml_only,rej16_multi_section_list
7203,6655,xml_only,rej16_multi_section_list
7210,6421,xml_only,rej16_multi_section_list
7210,6427,xml_only,rej16_multi_section_list
7210,7602,xml_only,rej16_multi_section_list
7210,7603,xml_only,rej16_multi_section_list
7210,7604,xml_only,rej16_multi_section_list
7269,6036,xml_only,rej16_multi_section_list
7272,4412,xml_only,rej16_multi_section_list
7272,7011,xml_only,rej16_multi_section_list
731,734,xml_only,rej16_multi_section_list
74,135,xml_only,rej16_multi_section_list
74,137,xml_only,rej16_multi_section_list
74,219,xml_only,rej16_multi_section_list
74,221,xml_only,rej16_multi_section_list
74,469,xml_only,rej16_multi_section_list
74,86,xml_only,rej16_multi_section_list
7404,6601,xml_only,rej16_multi_section_list
7407,6695,xml_only,rej16_multi_section_list
7408,6701,xml_only,rej16_multi_section_list
7408,6707,xml_only,rej16_multi_section_list
7408,6708,xml_only,rej16_multi_section_list
7421,6212,xml_only,rej16_multi_section_list
7422,4942,xml_only,rej16_multi_section_list
7422,4943,xml_only,rej16_multi_section_list
7422,4944,xml_only,rej16_multi_section_list
7422,4945,xml_only,rej16_multi_section_list
7422,4951,xml_only,rej16_multi_section_list
7422,4952,xml_only,rej16_multi_section_list
7422,4955,xml_only,rej16_multi_section_list
7422,4958,xml_only,rej16_multi_section_list
7422,4971,xml_only,rej16_multi_section_list
7422,4975,xml_only,rej16_multi_section_list
7429,6852,xml_only,rej16_multi_section_list
7429,6861,xml_only,rej16_multi_section_list
7429,6862,xml_only,rej16_multi_section_list
7437,724,xml_only,rej16_multi_section_list
7443A,6330,xml_only,rej16_multi_section_list
7453,7463,xml_only,rej16_multi_section_list
7463,7460,xml_only,rej16_multi_section_list
7473,7475,xml_only,rej16_multi_section_list
7481,7463,xml_only,rej16_multi_section_list
7482,6330,xml_only,rej16_multi_section_list
7501,7202,xml_only,rej16_multi_section_list
7508A,403,xml_only,rej16_multi_section_list
7508A,404,xml_only,rej16_multi_section_list
751,732,xml_only,rej16_multi_section_list
751,741,xml_only,rej16_multi_section_list
751,995,xml_only,rej16_multi_section_list
7522,6212,xml_only,rej16_multi_section_list
7522,6303,xml_only,rej16_multi_section_list
7603,6421,xml_only,rej16_multi_section_list
7603,6427,xml_only,rej16_multi_section_list
7603,7602,xml_only,rej16_multi_section_list
7604,6421,xml_only,rej16_multi_section_list
7604,6427,xml_only,rej16_multi_section_list
7604,7602,xml_only,rej16_multi_section_list
7605,6421,xml_only,rej16_multi_section_list
7605,6427,xml_only,rej16_multi_section_list
7609,6421,xml_only,rej16_multi_section_list
7609,6427,xml_only,rej16_multi_section_list
7609,7612,xml_only,rej16_multi_section_list
7610,6421,xml_only,rej16_multi_section_list
7610,6427,xml_only,rej16_multi_section_list
7610,7602,xml_only,rej16_multi_section_list
7611,7430,xml_only,rej16_multi_section_list
7701,105,xml_only,rej16_multi_section_list
7701,106,xml_only,rej16_multi_section_list
7701,1442,xml_only,rej16_multi_section_list
7701,1443,xml_only,rej16_multi_section_list
7701,1461,xml_only,rej16_multi_section_list
78,245A,xml_only,rej16_multi_section_list
7809,7651,xml_only,rej16_multi_section_list
7809,7652,xml_only,rej16_multi_section_list
7809,7654,xml_only,rej16_multi_section_list
7809,7810,xml_only,rej16_multi_section_list
7851,1,xml_only,rej16_multi_section_list
7851,144,xml_only,rej16_multi_section_list
7851,26,xml_only,rej16_multi_section_list
7851,421,xml_only,rej16_multi_section_list
7872,643,xml_only,rej16_multi_section_list
80,801,xml_only,rej16_multi_section_list
814,1442,xml_only,rej16_multi_section_list
814,882,xml_only,rej16_multi_section_list
817A,7702,xml_only,rej16_multi_section_list
817A,7702A,xml_only,rej16_multi_section_list
818,862,xml_only,rej16_multi_section_list
818,863,xml_only,rej16_multi_section_list
83,355,xml_only,rej16_multi_section_list
83,356,xml_only,rej16_multi_section_list
833,245,xml_only,rej16_multi_section_list
842,894,xml_only,rej16_multi_section_list
85,135,xml_only,rej16_multi_section_list
85,137,xml_only,rej16_multi_section_list
85,219,xml_only,rej16_multi_section_list
85,221,xml_only,rej16_multi_section_list
85,222,xml_only,rej16_multi_section_list
85,469,xml_only,rej16_multi_section_list
853A,1,xml_only,rej16_multi_section_list
853A,1397E,xml_only,rej16_multi_section_list
857,1272,xml_only,rej16_multi_section_list
86,135,xml_only,rej16_multi_section_list
86,137,xml_only,rej16_multi_section_list
86,221,xml_only,rej16_multi_section_list
86,931,xml_only,rej16_multi_section_list
86,933,xml_only,rej16_multi_section_list
860C,1277,xml_only,rej16_multi_section_list
860G,1441,xml_only,rej16_multi_section_list
860G,1442,xml_only,rej16_multi_section_list
860G,881,xml_only,rej16_multi_section_list
864,351,xml_only,rej16_multi_section_list
864,354,xml_only,rej16_multi_section_list
864,355,xml_only,rej16_multi_section_list
864,356,xml_only,rej16_multi_section_list
864,361,xml_only,rej16_multi_section_list
864,591,xml_only,rej16_multi_section_list
864,863,xml_only,rej16_multi_section_list
865,933,xml_only,rej16_multi_section_list
865,960,xml_only,rej16_multi_section_list
871,291,xml_only,rej16_multi_section_list
871,55,xml_only,rej16_multi_section_list
874,33,xml_only,rej16_multi_section_list
877,2501,xml_only,rej16_multi_section_list
877,55,xml_only,rej16_multi_section_list
877,6039G,xml_only,rej16_multi_section_list
877,707,xml_only,rej16_multi_section_list
877A,409A,xml_only,rej16_multi_section_list
878,4948,xml_only,rej16_multi_section_list
882,1,xml_only,rej16_multi_section_list
882,55,xml_only,rej16_multi_section_list
882,59A,xml_only,rej16_multi_section_list
884,1441,xml_only,rej16_multi_section_list
884,1442,xml_only,rej16_multi_section_list
887,881,xml_only,rej16_multi_section_list
887,882,xml_only,rej16_multi_section_list
891,11,xml_only,rej16_multi_section_list
891,3,xml_only,rej16_multi_section_list
891,801,xml_only,rej16_multi_section_list
891,831,xml_only,rej16_multi_section_list
891,852,xml_only,rej16_multi_section_list
891,871,xml_only,rej16_multi_section_list
891,881,xml_only,rej16_multi_section_list
897,302,xml_only,rej16_multi_section_list
897,331,xml_only,rej16_multi_section_list
901,78,xml_only,rej16_multi_section_list
904,11,xml_only,rej16_multi_section_list
904,721,xml_only,rej16_multi_section_list
911,164,xml_only,rej16_multi_section_list
911,6011,xml_only,rej16_multi_section_list
911,6012,xml_only,rej16_multi_section_list
9501,433,xml_only,rej16_multi_section_list
9502,4271,xml_only,rej16_multi_section_list
9503,6715A,xml_only,rej16_multi_section_list
9503,6717,xml_only,rej16_multi_section_list
9503,6718,xml_only,rej16_multi_section_list
9503,6719,xml_only,rej16_multi_section_list
9503,6720A,xml_only,rej16_multi_section_list
9503,6725,xml_only,rej16_multi_section_list
9503,7232,xml_only,rej16_multi_section_list
9503,7272,xml_only,rej16_multi_section_list
9507,4661,xml_only,rej16_multi_section_list
9507,4671,xml_only,rej16_multi_section_list
951A,1248,xml_only,rej16_multi_section_list
951A,535,xml_only,rej16_multi_section_list
951A,6501,xml_only,rej16_multi_section_list
951A,6654,xml_only,rej16_multi_section_list
951A,6655,xml_only,rej16_multi_section_list
951A,851,xml_only,rej16_multi_section_list
951A,904,xml_only,rej16_multi_section_list
951A,959,xml_only,rej16_multi_section_list
951A,961,xml_only,rej16_multi_section_list
951A,962,xml_only,rej16_multi_section_list
951A,993,xml_only,rej16_multi_section_list
951A,996,xml_only,rej16_multi_section_list
953,101,xml_only,rej16_multi_section_list
953,7702,xml_only,rej16_multi_section_list
953,817,xml_only,rej16_multi_section_list
962,55,xml_only,rej16_multi_section_list
964,956,xml_only,rej16_multi_section_list
965,961,xml_only,rej16_multi_section_list
965,986,xml_only,rej16_multi_section_list
993,613A,xml_only,rej16_multi_section_list
995,32,xml_only,rej16_multi_section_list
995,34,xml_only,rej16_multi_section_list
1017,522,xml_only,xml_external_reference
112,5561,xml_only,xml_external_reference
1398,503,xml_only,xml_external_reference
1398,522,xml_only,xml_external_reference
3310,1254,xml_only,xml_external_reference
6013,101,xml_only,xml_external_reference
6013,5561,xml_only,xml_external_reference
6212,505,xml_only,xml_external_reference
6512,505,xml_only,xml_external_reference
6532,505,xml_only,xml_external_reference
7410,1396,xml_only,xml_external_reference
7422,1346,xml_only,xml_external_reference
7422,2502,xml_only,xml_external_reference
7422,507,xml_only,xml_external_reference
7424,1444,xml_only,xml_external_reference
7437,505,xml_only,xml_external_reference
7448,2107,xml_only,xml_external_reference
7482,1254,xml_only,xml_external_reference
7801,301,xml_only,xml_external_reference
9501,422,xml_only,xml_external_reference
1016,1400Z-2,rej16_only,xml_typographic_dash
6039K,1400Z-2,rej16_only,xml_typographic_dash
6039L,1400Z-2,rej16_only,xml_typographic_dash
