section,path,identifier,chars,tokens
74,,/us/usc/t26/s74,3197,670
82,,/us/usc/t26/s82,375,89
102,,/us/usc/t26/s102,1312,310
119,a,/us/usc/t26/s119/a,571,139
132,e.1,/us/usc/t26/s132/e/1,306,82
132,e.2,/us/usc/t26/s132/e/2,951,195
132,f,/us/usc/t26/s132/f,4196,892
143,k.2.b,/us/usc/t26/s143/k/2/B,137,46
162,,/us/usc/t26/s162,42719,8772
212,,/us/usc/t26/s212,416,103
217,,/us/usc/t26/s217,8133,1743
267,b,/us/usc/t26/s267/b,1894,450
267,c.4,/us/usc/t26/s267/c/4,160,54
280F,d.4,/us/usc/t26/s280F/d/4,754,175
414,q,/us/usc/t26/s414/q,3410,760
501,a,/us/usc/t26/s501/a,203,63
501,c.6,/us/usc/t26/s501/c/6,311,80
707,b,/us/usc/t26/s707/b,1811,393
6103,k.4,/us/usc/t26/s6103/k/4,444,101
