replicate,condition,policy_index,constraint,source_citation,supporting_citations,valid_dfc_subset,family_id,semantic_status,citation_status,issue,exact_executable,usable_family_signal
1,target_only,1,NOT (R.category = 'entertainment' OR R.category = 'amusement' OR R.category = 'recreation') OR E.deduct = 0,26 U.S.C. § 274(a)(1)(A),26 U.S.C. § 274(a)(1)(A),True,entertainment_disallowance,PARTIAL,ALIGNED,Captures §274(a)(1) base disallowance but does not encode the mandatory §274(e) exceptions.,False,True
1,target_only,2,NOT (R.type = 'club dues') OR E.deduct = 0,26 U.S.C. § 274(a)(3),26 U.S.C. § 274(a)(3),True,club_dues_disallowance,EXACT,ALIGNED,,True,True
1,target_only,3,NOT (R.type = 'gift' AND R.cost > 25) OR E.deduct = 0,26 U.S.C. § 274(b)(1),26 U.S.C. § 274(b)(1),True,gift_annual_limit,INCORRECT,ALIGNED,Converts an annual per-recipient excess limitation into total disallowance of a single gift above $25.,False,False
1,target_only,4,"NOT (R.type IN ('traveling expense', 'gift', 'listed property') AND NOT R.substantiated) OR E.deduct = 0",26 U.S.C. § 274(d),26 U.S.C. § 274(d),True,substantiation,PARTIAL,ALIGNED,"Uses an abstract substantiated flag, but does not encode the qualified nonpersonal use vehicle exception.",False,True
1,target_only,5,NOT (R.category = 'food and beverages' AND R.location = 'business premises' AND R.purpose = 'employees') OR E.deduct = 1,26 U.S.C. § 274(e)(1),26 U.S.C. § 274(e)(1),True,entertainment_disallowance,INCORRECT,ALIGNED,§274(e)(1) removes a particular §274(a) disallowance; it does not independently guarantee E.deduct = 1.,False,False
1,target_only,6,NOT (R.category = 'food or beverages') OR E.deduct <= 0.5,26 U.S.C. § 274(n)(1),26 U.S.C. § 274(n)(1),True,meal_percentage_limit,PARTIAL,ALIGNED,Captures the 50-percent base limit but omits §274(n)(2) exceptions and the §274(n)(3) 80-percent rule.,False,True
1,direct,1,NOT (R.category = 'entertainment' OR R.category = 'amusement' OR R.category = 'recreation') OR E.deduct = 0,26 U.S.C. § 274(a)(1)(A) and (B),26 U.S.C. § 274(a)(1) | 26 U.S.C. § 274(e)(1),True,entertainment_disallowance,PARTIAL,PARTIAL,Captures the base entertainment rule but does not encode all §274(e) exceptions.,False,True
1,direct,2,NOT (R.type = 'gift' AND R.cost > 25) OR E.deduct = 0,26 U.S.C. § 274(b)(1),26 U.S.C. § 102 | 26 U.S.C. § 274(b)(1),True,gift_annual_limit,INCORRECT,ALIGNED,Converts the annual excess limitation into total single-receipt disallowance.,False,False
1,direct,3,"NOT (R.type IN ('traveling expense', 'gift', 'listed property') AND R.substantiated = FALSE) OR E.deduct = 0",26 U.S.C. § 274(d),26 U.S.C. § 274(d),True,substantiation,PARTIAL,ALIGNED,Captures the substantiation condition but omits the qualified nonpersonal use vehicle exception.,False,True
1,direct,4,NOT (R.category = 'food' OR R.category = 'beverages') OR E.deduct <= 0.5,26 U.S.C. § 274(e)(1),26 U.S.C. § 274(e)(1),True,meal_percentage_limit,PARTIAL,MISALIGNED,"The constraint resembles §274(n)(1), not the cited §274(e)(1), and omits §274(n) exceptions.",False,True
1,direct,5,NOT (R.category = 'food' OR R.category = 'beverages') OR (R.purpose = 'employee benefit' AND R.location = 'business premises') OR E.deduct = 0,26 U.S.C. § 274(e)(5)(1),26 U.S.C. § 274(e)(5)(1),True,entertainment_disallowance,INCORRECT,MISALIGNED,Creates a broad food disallowance from an exception provision and uses a malformed §274(e)(5)(1) citation.,False,False
1,direct,6,NOT (R.category = 'recreational' AND R.beneficiary = 'employee' AND R.employee_status != 'highly compensated') OR E.deduct = 1,26 U.S.C. § 274(e)(4),26 U.S.C. § 414(q) | 26 U.S.C. § 274(e)(4),True,entertainment_disallowance,INCORRECT,ALIGNED,"§274(e)(4) is an exception to subsection (a), not an independent entitlement to a 100-percent deduction.",False,False
1,bounded,1,NOT (R.category = 'entertainment' OR R.category = 'amusement' OR R.category = 'recreation') OR E.deduct = 0.0,26 U.S.C. § 274 (a)(1)(A) and (B),26 U.S.C. § 274 (a)(3) | 26 U.S.C. § 274 (e)(1),True,entertainment_disallowance,PARTIAL,PARTIAL,Captures the base entertainment rule but omits mandatory §274(e) exceptions.,False,True
1,bounded,2,NOT (R.type = 'gift' AND R.cost <= 25.0) OR E.deduct <= 0.25,26 U.S.C. § 274 (b)(1),26 U.S.C. § 274 (b)(1)(A) | 26 U.S.C. § 274 (b)(1)(B),True,gift_annual_limit,INCORRECT,ALIGNED,Transforms the $25 dollar threshold into a 0.25 deduction fraction and reverses the threshold predicate.,False,False
1,bounded,3,R.purpose IS NOT NULL OR E.deduct = 0.0,26 U.S.C. § 274 (d),26 U.S.C. § 274 (d)(1) | 26 U.S.C. § 274 (d)(2) | 26 U.S.C. § 274 (d)(3) | 26 U.S.C. § 274 (d)(4),True,substantiation,INCORRECT,ALIGNED,"A non-null purpose is not equivalent to the four statutory substantiation requirements, and the constraint applies to unrelated receipts.",False,False
1,bounded,4,NOT (R.category = 'food' OR R.category = 'beverages') OR E.deduct <= 0.5,26 U.S.C. § 274 (e)(1),26 U.S.C. § 274 (a)(1),True,meal_percentage_limit,PARTIAL,MISALIGNED,Captures a 50-percent meal limit but attributes it to §274(e)(1) and omits §274(n)(2)-(3).,False,True
1,bounded,5,NOT (R.category = 'food' OR R.category = 'beverages') OR NOT (R.purpose = 'employee' AND R.location = 'business premises') OR E.deduct = 1.0,26 U.S.C. § 274 (e)(1)(A),26 U.S.C. § 119,True,entertainment_disallowance,INCORRECT,MISALIGNED,Treats an exception to subsection (a) as an affirmative full-deduction rule.,False,False
1,bounded,6,NOT (R.category = 'transportation' AND R.type = 'commuting') OR E.deduct = 0.0,26 U.S.C. § 274 (n),26 U.S.C. § 274 (a)(1) | 26 U.S.C. § 274 (e)(2),True,commuting_transportation,PARTIAL,MISALIGNED,Captures the commuting disallowance but omits the employee-safety exception and misidentifies the source as §274(n).,False,True
1,bounded,7,"NOT (R.type = 'travel' AND R.person IN ('spouse', 'dependent', 'other') AND NOT (R.person = 'employee' AND R.purpose = 'bona fide business')) OR E.deduct = 0.0",26 U.S.C. § 274 (m)(3),26 U.S.C. § 274 (a)(1),True,accompanying_person_travel,INCORRECT,PARTIAL,The boolean condition collapses the employee exception and omits §274(m)(3)(C).,False,False
1,bounded,8,NOT (R.category = 'food' OR R.category = 'beverages') OR E.deduct <= 0.5,26 U.S.C. § 274 (n)(1),26 U.S.C. § 274 (a)(1),True,meal_percentage_limit,PARTIAL,PARTIAL,Repeats the 50-percent base limitation without mandatory exceptions.,False,True
2,target_only,1,NOT (R.category = 'entertainment' OR R.category = 'amusement' OR R.category = 'recreation' OR R.type = 'club dues') OR E.deduct = 0,26 U.S.C. § 274 (a)(1)(A) and (a)(1)(B),26 U.S.C. § 274 (a)(1) | 26 U.S.C. § 274 (a)(2)(A) | 26 U.S.C. § 274 (a)(3),True,entertainment_disallowance,PARTIAL,ALIGNED,The entertainment component omits the mandatory Section 274(e) exceptions. The same constraint also contains an exact club-dues component.,False,True
2,target_only,2,NOT (R.type = 'gift' AND R.cost > 4.00 AND R.cost + R.prior_gift_expenses > 25) OR E.deduct = 0,26 U.S.C. § 274 (b)(1),26 U.S.C. § 274 (b)(1)(A) | 26 U.S.C. § 274 (b)(1)(B),True,gift_annual_limit,INCORRECT,ALIGNED,"The candidate uses prior-gift state but disallows the whole receipt after the threshold is crossed. The statute disallows only the excess, and the $4 promotional-item exclusion has additional conditions not represented here.",False,False
2,target_only,3,NOT (R.type = 'foreign travel' AND R.duration > 7 AND R.non_business_time / R.duration >= 0.25) OR E.deduct = 0,26 U.S.C. § 274 (c)(1) and (c)(2),26 U.S.C. § 274 (c)(1) | 26 U.S.C. § 274 (c)(2)(A) | 26 U.S.C. § 274 (c)(2)(B),True,foreign_travel_allocation,INCORRECT,ALIGNED,The rule correctly notices the one-week and 25-percent thresholds but disallows the whole travel expense instead of the nonbusiness-allocable portion.,False,False
2,target_only,4,"NOT (R.type IN ('traveling expense','gift','listed property') AND NOT R.substantiated) OR E.deduct = 0",26 U.S.C. § 274 (d),26 U.S.C. § 274 (d)(1) | 26 U.S.C. § 274 (d)(2) | 26 U.S.C. § 274 (d)(3),True,substantiation,PARTIAL,ALIGNED,"The covered categories and abstract substantiation predicate are useful, but the qualified nonpersonal use vehicle exception is omitted.",False,True
2,target_only,5,NOT (R.type = 'employee achievement award' AND ((R.qual = 'non-qualified plan award' AND R.cost + R.prior_awards > 400) OR (R.qual = 'qualified plan award' AND R.cost + R.prior_awards > 1600))) OR E.deduct = 0,26 U.S.C. § 274 (j)(1) and (j)(2),26 U.S.C. § 274 (j)(2)(A) | 26 U.S.C. § 274 (j)(2)(B),True,employee_achievement_award,INCORRECT,ALIGNED,The candidate uses annual award state but converts the statutory deduction limits into total disallowance and omits required award definitions and special rules.,False,False
2,target_only,6,NOT (R.type = 'food or beverages' AND R.lavish = true AND R.taxpayer_present = false) OR E.deduct = 0,26 U.S.C. § 274 (k)(1),26 U.S.C. § 274 (k)(1)(A) | 26 U.S.C. § 274 (k)(1)(B),True,business_meal_eligibility,INCORRECT,ALIGNED,Section 274(k)(1) requires both non-lavish expense and taxpayer/employee presence. The candidate triggers only when lavishness and absence occur simultaneously.,False,False
2,target_only,7,NOT (R.type = 'food or beverages') OR E.deduct <= 0.5,26 U.S.C. § 274 (n)(1),26 U.S.C. § 274 (n)(1),True,meal_percentage_limit,PARTIAL,ALIGNED,"The 50-percent base rule is captured, but Section 274(n)(2) exceptions and the Section 274(n)(3) 80-percent rule are omitted.",False,True
2,direct,1,NOT (R.category = 'entertainment' OR R.category = 'amusement' OR R.category = 'recreation') OR E.deduct = 0,26 U.S.C. § 274(a)(1)(A) and (B),26 U.S.C. § 274(a)(1) | 26 U.S.C. § 274(e)(1),True,entertainment_disallowance,PARTIAL,PARTIAL,The base entertainment disallowance is captured but the Section 274(e) exceptions are not encoded.,False,True
2,direct,2,NOT (R.type = 'gift' AND R.cost > 25) OR E.deduct = 0,26 U.S.C. § 274(b)(1),26 U.S.C. § 102 | 26 U.S.C. § 274(b)(1),True,gift_annual_limit,INCORRECT,ALIGNED,The candidate treats a current gift over $25 as fully nondeductible and omits annual per-recipient aggregation.,False,False
2,direct,3,"NOT (R.type IN ('traveling expense', 'gift', 'listed property') AND NOT R.substantiated) OR E.deduct = 0",26 U.S.C. § 274(d),26 U.S.C. § 274(d),True,substantiation,PARTIAL,ALIGNED,"The substantiation predicate is useful, but the qualified nonpersonal use vehicle exception is omitted.",False,True
2,direct,4,NOT (R.category = 'food' OR R.category = 'beverages') OR E.deduct <= 0.5,26 U.S.C. § 274(e)(1),26 U.S.C. § 274(e)(1),True,meal_percentage_limit,PARTIAL,MISALIGNED,"The 50-percent rule arises from Section 274(n), not Section 274(e)(1), and its exceptions and special rate are omitted.",False,True
2,direct,5,NOT (R.category = 'food' AND R.purpose = 'employee' AND R.location = 'business premises') OR E.deduct = 1,26 U.S.C. § 274(e)(1) and (e)(5),26 U.S.C. § 274(e)(1) | 26 U.S.C. § 274(e)(5),True,entertainment_disallowance,INCORRECT,PARTIAL,"Section 274(e)(1) is an exception to the entertainment disallowance, not an affirmative 100-percent deduction entitlement. Section 274(e)(5) is unrelated to this predicate.",False,False
2,direct,6,NOT (R.type = 'qualified transportation fringe') OR E.deduct = 0,26 U.S.C. § 274(a)(4) and 26 U.S.C. § 132(f),26 U.S.C. § 274(a)(4) | 26 U.S.C. § 132(f),True,qualified_transportation_fringe,EXACT,ALIGNED,The constraint directly encodes the Section 274(a)(4) disallowance; Section 132(f) supplies the qualified-fringe definition.,True,True
2,bounded,1,NOT (R.category = 'entertainment' OR R.category = 'amusement' OR R.category = 'recreation') OR E.deduct = 0.0,26 U.S.C. § 274 (a)(1)(A) and (B),26 U.S.C. § 274 (a)(3) | 26 U.S.C. § 274 (e)(1),True,entertainment_disallowance,PARTIAL,PARTIAL,Captures the base entertainment rule but omits mandatory §274(e) exceptions.,False,True
2,bounded,2,NOT (R.type = 'gift' AND R.cost <= 25.0) OR E.deduct <= 0.25,26 U.S.C. § 274 (b)(1),26 U.S.C. § 274 (b)(1)(A) | 26 U.S.C. § 274 (b)(1)(B),True,gift_annual_limit,INCORRECT,ALIGNED,Transforms the $25 dollar threshold into a 0.25 deduction fraction and reverses the threshold predicate.,False,False
2,bounded,3,R.purpose IS NOT NULL OR E.deduct = 0.0,26 U.S.C. § 274 (d),26 U.S.C. § 274 (d)(1) | 26 U.S.C. § 274 (d)(2) | 26 U.S.C. § 274 (d)(3) | 26 U.S.C. § 274 (d)(4),True,substantiation,INCORRECT,ALIGNED,"A non-null purpose is not equivalent to the four statutory substantiation requirements, and the constraint applies to unrelated receipts.",False,False
2,bounded,4,NOT (R.category = 'food' OR R.category = 'beverages') OR E.deduct <= 0.5,26 U.S.C. § 274 (e)(1),26 U.S.C. § 274 (a)(1),True,meal_percentage_limit,PARTIAL,MISALIGNED,Captures a 50-percent meal limit but attributes it to §274(e)(1) and omits §274(n)(2)-(3).,False,True
2,bounded,5,NOT (R.category = 'food' OR R.category = 'beverages') OR NOT (R.purpose = 'employee' AND R.location = 'business premises') OR E.deduct = 1.0,26 U.S.C. § 274 (e)(1)(A),26 U.S.C. § 119,True,entertainment_disallowance,INCORRECT,MISALIGNED,Treats an exception to subsection (a) as an affirmative full-deduction rule.,False,False
2,bounded,6,NOT (R.category = 'transportation' AND R.type = 'commuting') OR E.deduct = 0.0,26 U.S.C. § 274 (n),26 U.S.C. § 274 (a)(1) | 26 U.S.C. § 274 (e)(2),True,commuting_transportation,PARTIAL,MISALIGNED,Captures the commuting disallowance but omits the employee-safety exception and misidentifies the source as §274(n).,False,True
2,bounded,7,"NOT (R.type = 'travel' AND R.person IN ('spouse', 'dependent', 'other') AND NOT (R.person = 'employee' AND R.purpose = 'bona fide business')) OR E.deduct = 0.0",26 U.S.C. § 274 (m)(3),26 U.S.C. § 274 (a)(1),True,accompanying_person_travel,INCORRECT,PARTIAL,The boolean condition collapses the employee exception and omits §274(m)(3)(C).,False,False
2,bounded,8,NOT (R.category = 'food' OR R.category = 'beverages') OR E.deduct <= 0.5,26 U.S.C. § 274 (n)(1),26 U.S.C. § 274 (a)(1),True,meal_percentage_limit,PARTIAL,PARTIAL,Repeats the 50-percent base limitation without mandatory exceptions.,False,True
3,target_only,1,R.type != 'gift' OR E.deduct <= 0.0,26 U.S.C. § 274(b)(1),26 U.S.C. § 274(b)(1)(A) | 26 U.S.C. § 274(b)(1)(B),True,gift_annual_limit,INCORRECT,ALIGNED,The constraint disallows every gift rather than only the annual per-recipient excess over $25.,False,False
3,target_only,2,"R.category NOT IN ('entertainment', 'amusement', 'recreation') OR E.deduct <= 0.0",26 U.S.C. § 274(a)(1),26 U.S.C. § 274(a)(1)(A) | 26 U.S.C. § 274(a)(1)(B),True,entertainment_disallowance,PARTIAL,ALIGNED,The base entertainment disallowance is captured but the Section 274(e) exceptions are omitted.,False,True
3,target_only,3,R.category != 'food' OR E.deduct <= 0.5,26 U.S.C. § 274(k)(1),26 U.S.C. § 274(k)(1)(A) | 26 U.S.C. § 274(k)(1)(B),True,meal_percentage_limit,PARTIAL,MISALIGNED,"The constraint resembles the Section 274(n)(1) 50-percent rule, while the citation points to Section 274(k)(1). Section 274(n)(2)-(3) is also omitted.",False,True
3,direct,1,NOT (R.category = 'entertainment' OR R.category = 'amusement' OR R.category = 'recreation') OR E.deduct = 0,26 U.S.C. § 274(a)(1)(A) and (B),26 U.S.C. § 274(a)(1) | 26 U.S.C. § 274(e)(1),True,entertainment_disallowance,PARTIAL,PARTIAL,The base entertainment disallowance is captured but the Section 274(e) exceptions are omitted.,False,True
3,direct,2,NOT (R.type = 'gift' AND R.cost > 25) OR E.deduct = 0,26 U.S.C. § 274(b)(1),26 U.S.C. § 102(a) | 26 U.S.C. § 274(b)(1),True,gift_annual_limit,INCORRECT,ALIGNED,The candidate treats a current gift over $25 as fully nondeductible and omits annual per-recipient aggregation.,False,False
3,direct,3,"NOT (R.type IN ('traveling expense', 'gift', 'listed property') AND R.substantiated = FALSE) OR E.deduct = 0",26 U.S.C. § 274(d),26 U.S.C. § 274(d),True,substantiation,PARTIAL,ALIGNED,"The substantiation predicate is useful, but the qualified nonpersonal use vehicle exception is omitted.",False,True
3,direct,4,NOT (R.category = 'food' OR R.category = 'beverages') OR E.deduct <= 0.5,26 U.S.C. § 274(e)(2),26 U.S.C. § 274(e)(2),True,meal_percentage_limit,PARTIAL,MISALIGNED,"The 50-percent rule belongs to Section 274(n), not Section 274(e)(2), and its exceptions and special rate are omitted.",False,True
3,direct,5,NOT (R.category = 'food' OR R.category = 'beverages') OR (E.deduct = 1 AND R.purpose = 'employee benefit' AND R.location = 'business premises'),26 U.S.C. § 274(e)(1),26 U.S.C. § 274(e)(1),True,entertainment_disallowance,INCORRECT,ALIGNED,The candidate treats the Section 274(e)(1) exception as an affirmative full-deduction rule and rejects other food/beverage cases.,False,False
3,bounded,1,NOT (R.category = 'entertainment' OR R.category = 'amusement' OR R.category = 'recreation') OR E.deduct = 0.0,26 U.S.C. § 274 (a)(1)(A) and (B),26 U.S.C. § 274 (a)(3) | 26 U.S.C. § 274 (e)(1),True,entertainment_disallowance,PARTIAL,PARTIAL,Captures the base entertainment rule but omits mandatory §274(e) exceptions.,False,True
3,bounded,2,NOT (R.type = 'gift' AND R.cost <= 25.0) OR E.deduct <= 0.25,26 U.S.C. § 274 (b)(1),26 U.S.C. § 274 (b)(1)(A) | 26 U.S.C. § 274 (b)(1)(B),True,gift_annual_limit,INCORRECT,ALIGNED,Transforms the $25 dollar threshold into a 0.25 deduction fraction and reverses the threshold predicate.,False,False
3,bounded,3,R.purpose IS NOT NULL OR E.deduct = 0.0,26 U.S.C. § 274 (d),26 U.S.C. § 274 (d)(1) | 26 U.S.C. § 274 (d)(2) | 26 U.S.C. § 274 (d)(3) | 26 U.S.C. § 274 (d)(4),True,substantiation,INCORRECT,ALIGNED,"A non-null purpose is not equivalent to the four statutory substantiation requirements, and the constraint applies to unrelated receipts.",False,False
3,bounded,4,NOT (R.category = 'food' OR R.category = 'beverages') OR E.deduct <= 0.5,26 U.S.C. § 274 (e)(1),26 U.S.C. § 274 (a)(1),True,meal_percentage_limit,PARTIAL,MISALIGNED,Captures a 50-percent meal limit but attributes it to §274(e)(1) and omits §274(n)(2)-(3).,False,True
3,bounded,5,NOT (R.category = 'food' OR R.category = 'beverages') OR NOT (R.purpose = 'employee' AND R.location = 'business premises') OR E.deduct = 1.0,26 U.S.C. § 274 (e)(1)(A),26 U.S.C. § 119,True,entertainment_disallowance,INCORRECT,MISALIGNED,Treats an exception to subsection (a) as an affirmative full-deduction rule.,False,False
3,bounded,6,NOT (R.category = 'transportation' AND R.type = 'commuting') OR E.deduct = 0.0,26 U.S.C. § 274 (n),26 U.S.C. § 274 (a)(1) | 26 U.S.C. § 274 (e)(2),True,commuting_transportation,PARTIAL,MISALIGNED,Captures the commuting disallowance but omits the employee-safety exception and misidentifies the source as §274(n).,False,True
3,bounded,7,"NOT (R.type = 'travel' AND R.person IN ('spouse', 'dependent', 'other') AND NOT (R.person = 'employee' AND R.purpose = 'bona fide business')) OR E.deduct = 0.0",26 U.S.C. § 274 (m)(3),26 U.S.C. § 274 (a)(1),True,accompanying_person_travel,INCORRECT,PARTIAL,The boolean condition collapses the employee exception and omits §274(m)(3)(C).,False,False
3,bounded,8,NOT (R.category = 'food' OR R.category = 'beverages') OR E.deduct <= 0.5,26 U.S.C. § 274 (n)(1),26 U.S.C. § 274 (a)(1),True,meal_percentage_limit,PARTIAL,PARTIAL,Repeats the 50-percent base limitation without mandatory exceptions.,False,True
