replicate,condition,policy_index,family_id,edge_type,semantic_status,citation_status,evaluation_eligible
1,target_only,1,entertainment_disallowance,primary,PARTIAL,ALIGNED,True
1,target_only,2,club_dues_disallowance,primary,EXACT,ALIGNED,True
1,target_only,3,gift_annual_limit,primary,INCORRECT,ALIGNED,False
1,target_only,4,substantiation,primary,PARTIAL,ALIGNED,True
1,target_only,5,entertainment_disallowance,primary,INCORRECT,ALIGNED,True
1,target_only,6,meal_percentage_limit,primary,PARTIAL,ALIGNED,True
1,direct,1,entertainment_disallowance,primary,PARTIAL,PARTIAL,True
1,direct,2,gift_annual_limit,primary,INCORRECT,ALIGNED,False
1,direct,3,substantiation,primary,PARTIAL,ALIGNED,True
1,direct,4,meal_percentage_limit,primary,PARTIAL,MISALIGNED,True
1,direct,5,entertainment_disallowance,primary,INCORRECT,MISALIGNED,True
1,direct,6,entertainment_disallowance,primary,INCORRECT,ALIGNED,True
1,bounded,1,entertainment_disallowance,primary,PARTIAL,PARTIAL,True
1,bounded,2,gift_annual_limit,primary,INCORRECT,ALIGNED,False
1,bounded,3,substantiation,primary,INCORRECT,ALIGNED,True
1,bounded,4,meal_percentage_limit,primary,PARTIAL,MISALIGNED,True
1,bounded,5,entertainment_disallowance,primary,INCORRECT,MISALIGNED,True
1,bounded,6,commuting_transportation,primary,PARTIAL,MISALIGNED,True
1,bounded,7,accompanying_person_travel,primary,INCORRECT,PARTIAL,True
1,bounded,8,meal_percentage_limit,primary,PARTIAL,PARTIAL,True
2,target_only,1,entertainment_disallowance,primary,PARTIAL,ALIGNED,True
2,target_only,1,club_dues_disallowance,additional,EXACT,ALIGNED,True
2,target_only,2,gift_annual_limit,primary,INCORRECT,ALIGNED,False
2,target_only,3,foreign_travel_allocation,primary,INCORRECT,ALIGNED,True
2,target_only,4,substantiation,primary,PARTIAL,ALIGNED,True
2,target_only,5,employee_achievement_award,primary,INCORRECT,ALIGNED,False
2,target_only,6,business_meal_eligibility,primary,INCORRECT,ALIGNED,True
2,target_only,7,meal_percentage_limit,primary,PARTIAL,ALIGNED,True
2,direct,1,entertainment_disallowance,primary,PARTIAL,PARTIAL,True
2,direct,2,gift_annual_limit,primary,INCORRECT,ALIGNED,False
2,direct,3,substantiation,primary,PARTIAL,ALIGNED,True
2,direct,4,meal_percentage_limit,primary,PARTIAL,MISALIGNED,True
2,direct,5,entertainment_disallowance,primary,INCORRECT,PARTIAL,True
2,direct,6,qualified_transportation_fringe,primary,EXACT,ALIGNED,True
2,bounded,1,entertainment_disallowance,primary,PARTIAL,PARTIAL,True
2,bounded,2,gift_annual_limit,primary,INCORRECT,ALIGNED,False
2,bounded,3,substantiation,primary,INCORRECT,ALIGNED,True
2,bounded,4,meal_percentage_limit,primary,PARTIAL,MISALIGNED,True
2,bounded,5,entertainment_disallowance,primary,INCORRECT,MISALIGNED,True
2,bounded,6,commuting_transportation,primary,PARTIAL,MISALIGNED,True
2,bounded,7,accompanying_person_travel,primary,INCORRECT,PARTIAL,True
2,bounded,8,meal_percentage_limit,primary,PARTIAL,PARTIAL,True
3,target_only,1,gift_annual_limit,primary,INCORRECT,ALIGNED,False
3,target_only,2,entertainment_disallowance,primary,PARTIAL,ALIGNED,True
3,target_only,3,meal_percentage_limit,primary,PARTIAL,MISALIGNED,True
3,direct,1,entertainment_disallowance,primary,PARTIAL,PARTIAL,True
3,direct,2,gift_annual_limit,primary,INCORRECT,ALIGNED,False
3,direct,3,substantiation,primary,PARTIAL,ALIGNED,True
3,direct,4,meal_percentage_limit,primary,PARTIAL,MISALIGNED,True
3,direct,5,entertainment_disallowance,primary,INCORRECT,ALIGNED,True
3,bounded,1,entertainment_disallowance,primary,PARTIAL,PARTIAL,True
3,bounded,2,gift_annual_limit,primary,INCORRECT,ALIGNED,False
3,bounded,3,substantiation,primary,INCORRECT,ALIGNED,True
3,bounded,4,meal_percentage_limit,primary,PARTIAL,MISALIGNED,True
3,bounded,5,entertainment_disallowance,primary,INCORRECT,MISALIGNED,True
3,bounded,6,commuting_transportation,primary,PARTIAL,MISALIGNED,True
3,bounded,7,accompanying_person_travel,primary,INCORRECT,PARTIAL,True
3,bounded,8,meal_percentage_limit,primary,PARTIAL,PARTIAL,True
