family_id,title,statutory_basis,representability,evaluation_eligible,mandatory_modifiers,reason
entertainment_disallowance,"Entertainment, amusement, and recreation disallowance","26 U.S.C. § 274(a)(1), subject to § 274(e)",PER_RECEIPT_ABSTRACTABLE,True,§274(e)(1)-(9) exceptions | §274(f) where applicable,"The basic category disallowance is per-receipt, but executable correctness requires exception eligibility facts."
club_dues_disallowance,Club dues disallowance,26 U.S.C. § 274(a)(3),PER_RECEIPT_DIRECT,True,,A receipt type and zero deduction are sufficient.
qualified_transportation_fringe,Qualified transportation fringe disallowance,26 U.S.C. § 274(a)(4),PER_RECEIPT_DIRECT,True,,A qualified-fringe receipt classification is sufficient.
gift_annual_limit,Annual per-recipient gift limitation,26 U.S.C. § 274(b),REQUIRES_CROSS_RECEIPT_STATE,False,prior gifts to the same individual in the taxable year | §274(b)(1)(A)-(B) exclusions | §274(b)(2) aggregation rules,"Exact enforcement requires cumulative annual per-recipient state, not only the current receipt."
foreign_travel_allocation,Foreign travel business-allocation limitation,26 U.S.C. § 274(c),PER_RECEIPT_ABSTRACTABLE,True,§274(c)(2) one-week / 25-percent exceptions | §274(c)(3) domestic-travel exclusion,Requires derived trip-duration and business-use allocation attributes.
substantiation,Substantiation requirement,"26 U.S.C. § 274(d), (i)",PER_RECEIPT_ABSTRACTABLE,True,amount | time/place or date/description | business purpose | business relationship | qualified nonpersonal use vehicle exception,A derived substantiation predicate can represent the evidentiary requirements.
foreign_convention_limitation,Convention outside North American area limitation,"26 U.S.C. § 274(h)(1), (3), (6)",PER_RECEIPT_ABSTRACTABLE,True,business relationship test | North American area definition | qualifying Caribbean-country treatment,Requires derived location and business-purpose facts.
cruise_convention_limit,Cruise-ship convention limitation and annual cap,"26 U.S.C. § 274(h)(2), (5)",REQUIRES_CROSS_RECEIPT_STATE,False,"U.S.-registered vessel | qualifying ports | reporting requirements | $2,000 annual limitation","The annual $2,000 cap requires state across multiple convention expenses."
section212_convention_disallowance,Section 212 seminar and convention disallowance,26 U.S.C. § 274(h)(7),PER_RECEIPT_DIRECT,True,,A receipt purpose/category predicate is sufficient.
employee_achievement_award,Employee achievement award deduction limits,26 U.S.C. § 274(j),REQUIRES_CROSS_RECEIPT_STATE,False,"$400 nonqualified-plan annual limit | $1,600 qualified-plan annual limit | award definitions and special rules",Exact annual award aggregation cannot be enforced from a single receipt alone.
business_meal_eligibility,Business-meal eligibility requirements,26 U.S.C. § 274(k),PER_RECEIPT_ABSTRACTABLE,True,not lavish or extravagant | taxpayer/employee presence | §274(k)(2) exceptions,"Requires meal-quality, presence, and exception eligibility attributes."
commuting_transportation,Employer-provided commuting transportation disallowance,26 U.S.C. § 274(l),PER_RECEIPT_ABSTRACTABLE,True,employee-safety exception,The base category is simple; exactness requires a safety-necessity predicate.
luxury_water_transport,Luxury water transportation limitation,26 U.S.C. § 274(m)(1),PER_RECEIPT_ABSTRACTABLE,True,twice aggregate per-diem amount | §274(m)(1)(B) exceptions,Requires a derived trip per-diem ceiling and exception classification.
travel_as_education,Travel as a form of education disallowance,26 U.S.C. § 274(m)(2),PER_RECEIPT_DIRECT,True,,Travel purpose is sufficient for the prohibition.
accompanying_person_travel,"Spouse, dependent, or accompanying-person travel limitation",26 U.S.C. § 274(m)(3),PER_RECEIPT_ABSTRACTABLE,True,accompanying person is employee | bona fide business purpose | expense otherwise deductible by accompanying person,"Requires relationship, employment, and purpose predicates."
meal_percentage_limit,Meal deduction percentage limitation,26 U.S.C. § 274(n),PER_RECEIPT_ABSTRACTABLE,True,§274(n)(2) exceptions | §274(n)(3) 80-percent rule,"E.deduct can encode the percentage, but exactness requires exception and special-rate predicates."
employer_convenience_meals,Meals provided for employer convenience disallowance,26 U.S.C. § 274(o),PER_RECEIPT_ABSTRACTABLE,True,§274(e)(8) exception | §274(n)(2)(C) exception,Requires meal-source and exception-eligibility attributes.
