source_section,direct_refs,reachable_refs,prompt_chars,approx_tokens_4chars
1,35,1194,9400462,2350116
1000,0,0,1149,288
1001,5,1194,9400462,2350116
1002,0,0,1229,308
101,15,1194,9400462,2350116
1011,3,1194,9400462,2350116
1012,2,1194,9400462,2350116
1013,0,0,1296,324
1014,13,1194,9400462,2350116
1015,7,1194,9400462,2350116
1016,44,1194,9400462,2350116
1017,5,1194,9400462,2350116
1018,0,0,1209,303
1019,1,1,1822,456
102,2,1194,9400462,2350116
1020,0,0,1224,306
1021,0,0,1255,314
1022,0,0,1221,306
1023,1,1195,9400728,2350182
1024,0,0,1158,290
103,3,1194,9400462,2350116
1031,8,1194,9400462,2350116
1032,2,1195,9401071,2350268
1033,11,1194,9400462,2350116
1034,0,0,1218,305
1035,1,1194,9400462,2350116
1036,2,1194,9400462,2350116
1037,3,1194,9400462,2350116
1038,2,1195,9405445,2351362
1039,0,0,1229,308
103A,0,0,1225,307
104,7,1194,9400462,2350116
1040,1,1194,9400462,2350116
1041,0,0,2699,675
1042,19,1194,9400462,2350116
1043,1,1194,9400462,2350116
1044,0,0,1220,305
1045,3,1194,9400462,2350116
105,10,1194,9400462,2350116
1051,0,0,1232,308
1052,1,1,2603,651
1053,1,1195,9401043,2350261
1054,1,1195,9401016,2350254
1055,1,1194,9400462,2350116
1056,0,0,1228,307
1057,0,0,1221,306
1058,1,1194,9400462,2350116
1059,7,1194,9400462,2350116
1059A,1,1195,9401567,2350392
106,12,1194,9400462,2350116
1060,8,1194,9400462,2350116
1061,5,1195,9405359,2351340
1062,1,1195,9406310,2351578
1063,0,0,1489,373
107,0,0,1603,401
1071,0,0,1204,301
108,32,1194,9400462,2350116
109,0,0,1419,355
1091,2,1194,9400462,2350116
1092,8,1194,9400462,2350116
11,3,1194,9400462,2350116
110,1,1194,9400462,2350116
111,3,1194,9400462,2350116
1111,0,0,1224,306
112,1,1194,9400462,2350116
113,0,0,1226,307
114,0,0,1217,305
115,0,0,1514,379
116,0,0,1217,305
117,3,1194,9400462,2350116
118,4,1194,9400462,2350116
119,1,1194,9400462,2350116
12,4,1194,9400462,2350116
120,0,0,1233,309
1201,0,0,1226,307
1202,18,1194,9400462,2350116
121,11,1194,9400462,2350116
1211,0,0,1724,431
1212,7,1194,9400462,2350116
122,1,1194,9400462,2350116
1221,2,1194,9400462,2350116
1222,2,1194,9400462,2350116
1223,18,1194,9400462,2350116
123,0,0,2266,567
1231,4,1194,9400462,2350116
1233,5,1194,9400462,2350116
1234,3,1194,9400462,2350116
1234A,2,1195,9401192,2350298
1234B,4,1194,9400462,2350116
1235,3,1194,9400462,2350116
1236,1,1194,9400462,2350116
1237,1,1194,9400462,2350116
1238,0,0,1229,308
1239,4,1194,9400462,2350116
124,0,0,1226,307
1240,0,0,1224,306
1241,0,0,1491,373
1242,1,1194,9400462,2350116
1243,0,0,1624,406
1244,5,1194,9400462,2350116
1245,26,1194,9400462,2350116
1248,14,1194,9400462,2350116
1249,3,1195,9401468,2350367
125,16,1194,9400462,2350116
1250,19,1194,9400462,2350116
1251,0,0,1225,307
1252,2,1194,9400462,2350116
1253,1,1194,9400462,2350116
1254,7,1194,9400462,2350116
1255,4,1196,9405858,2351465
1256,7,1194,9400462,2350116
1257,3,1195,9402510,2350628
1258,6,1195,9406123,2351531
1259,6,1194,9400462,2350116
126,2,1196,9405858,2351465
1260,5,1195,9407491,2351873
127,9,1194,9400462,2350116
1271,2,1194,9400462,2350116
1272,1,1194,9400462,2350116
1273,1,1194,9400462,2350116
1274,8,1194,9400462,2350116
1274A,5,1194,9400462,2350116
1275,10,1194,9400462,2350116
1276,13,1194,9400462,2350116
1277,4,1194,9400462,2350116
1278,13,1194,9400462,2350116
128,2,1194,9400462,2350116
1281,3,1194,9400462,2350116
1282,3,1194,9400462,2350116
1283,6,1194,9400462,2350116
1286,4,1194,9400462,2350116
1287,2,1194,9400462,2350116
1288,7,1194,9400462,2350116
129,9,1194,9400462,2350116
1291,16,1194,9400462,2350116
1293,8,1194,9400462,2350116
1294,4,1194,9400462,2350116
1295,0,0,2558,640
1296,4,1194,9400462,2350116
1297,5,1194,9400462,2350116
1298,12,1194,9400462,2350116
130,1,1194,9400462,2350116
1301,2,1194,9400462,2350116
131,0,0,4002,1001
1311,5,1194,9400462,2350116
1312,3,1194,9400462,2350116
1313,3,1194,9400462,2350116
1314,5,1194,9400462,2350116
1315,0,0,1224,306
132,11,1194,9400462,2350116
1321,0,0,1224,306
133,0,0,1218,305
134,1,1194,9400462,2350116
1341,3,1194,9400462,2350116
1342,0,0,1224,306
1346,0,0,1224,306
1347,0,0,1226,307
1348,0,0,1218,305
135,18,1194,9400462,2350116
1351,13,1194,9400462,2350116
1352,1,1195,9400882,2350221
1353,1,1195,9402470,2350618
1354,0,0,3682,921
1355,2,1196,9412818,2353205
1356,0,0,3891,973
1357,0,0,3039,760
1358,2,1196,9402005,2350502
1359,1,1195,9403080,2350770
136,1,1195,9402264,2350566
1361,22,1194,9400462,2350116
1362,8,1194,9400462,2350116
1363,12,1195,9404676,2351169
1366,8,1194,9400462,2350116
1367,8,1194,9400462,2350116
1368,5,1194,9400462,2350116
137,9,1194,9400462,2350116
1371,6,1194,9400462,2350116
1372,1,1194,9400462,2350116
1373,1,1195,9401080,2350270
1374,8,1194,9400462,2350116
1375,7,1194,9400462,2350116
1377,5,1194,9400462,2350116
1378,0,0,1672,418
1379,3,1195,9402157,2350540
138,2,1194,9400462,2350116
1381,3,1194,9400462,2350116
1382,2,1194,9400462,2350116
1383,1,1195,9402719,2350680
1385,2,1194,9400462,2350116
1388,4,1194,9400462,2350116
139,2,1195,9404501,2351126
1391,2,1194,9400462,2350116
1392,2,1194,9400462,2350116
1393,3,1194,9400462,2350116
1394,7,1196,9412525,2353132
1396,6,1194,9400462,2350116
1397,6,1194,9400462,2350116
1397A,1,1195,9401339,2350335
1397B,5,1194,9400462,2350116
1397C,6,1194,9400462,2350116
1397D,2,1195,9402133,2350534
1397E,0,0,1225,307
1397F,0,0,1719,430
1398,8,1194,9400462,2350116
1399,1,1195,9400718,2350180
139A,0,0,1303,326
139B,2,1194,9400462,2350116
139C,2,1195,9402673,2350669
139D,4,1195,9402956,2350739
139E,1,1195,9402634,2350659
139F,0,0,2578,645
139G,2,1198,9420159,2355040
139H,0,0,1556,389
139I,0,0,1422,356
139J,1,1195,9400817,2350205
139K,1,1196,9407598,2351900
139L,2,1195,9404431,2351108
140,0,0,2078,520
1400Z-1,0,0,5278,1320
1400Z-2,8,1194,9400462,2350116
1401,2,1194,9400462,2350116
1402,22,1194,9400462,2350116
1403,2,1195,9400818,2350205
141,5,1194,9400462,2350116
1411,15,1195,9404717,2351180
142,16,1194,9400462,2350116
143,13,1194,9400462,2350116
144,13,1194,9400462,2350116
1441,9,1194,9400462,2350116
1442,5,1194,9400462,2350116
1443,3,1194,9400462,2350116
1444,4,1195,9401086,2350272
1445,6,1194,9400462,2350116
1446,10,1194,9400462,2350116
145,7,1194,9400462,2350116
1451,0,0,1232,308
146,6,1194,9400462,2350116
1461,0,0,1430,358
1462,0,0,1446,362
1463,0,0,1654,414
1464,0,0,1410,353
1465,0,0,1224,306
147,11,1194,9400462,2350116
1471,8,1194,9400462,2350116
1472,2,1195,9403027,2350757
1473,11,1194,9400462,2350116
1474,3,1194,9400462,2350116
148,9,1194,9400462,2350116
149,9,1194,9400462,2350116
1493,0,0,1220,305
1494,0,0,1218,305
15,2,1194,9400462,2350116
150,7,1194,9400462,2350116
1501,1,1,2807,702
1502,0,0,1866,467
1503,10,1194,9400462,2350116
1504,6,1194,9400462,2350116
1505,2,1195,9400748,2350187
151,8,1194,9400462,2350116
152,13,1194,9400462,2350116
153,4,1195,9400734,2350184
1551,0,0,1226,307
1552,0,0,3147,787
1561,2,1194,9400462,2350116
1562,0,0,1220,305
1563,6,1194,9400462,2350116
1564,0,0,1229,308
161,1,1194,9400462,2350116
162,32,1194,9400462,2350116
163,55,1194,9400462,2350116
164,12,1194,9400462,2350116
165,16,1194,9400462,2350116
166,4,1194,9400462,2350116
167,21,1194,9400462,2350116
168,37,1194,9400462,2350116
169,2,1194,9400462,2350116
170,49,1194,9400462,2350116
171,5,1194,9400462,2350116
172,18,1194,9400462,2350116
173,2,1194,9400462,2350116
174,3,1194,9400462,2350116
174A,4,1194,9400462,2350116
175,1,1194,9400462,2350116
176,1,1195,9401018,2350255
177,0,0,1217,305
178,0,0,1981,496
179,13,1194,9400462,2350116
179A,0,0,1235,309
179B,5,1194,9400462,2350116
179C,2,1194,9400462,2350116
179D,3,1194,9400462,2350116
179E,1,1194,9400462,2350116
180,0,0,2373,594
181,4,1194,9400462,2350116
182,0,0,1217,305
183,2,1194,9400462,2350116
184,0,0,1227,307
185,0,0,1217,305
186,1,1195,9404514,2351129
187,0,0,1221,306
188,0,0,1227,307
189,0,0,1222,306
190,0,0,3275,819
191,0,0,1217,305
192,2,1194,9400462,2350116
193,2,1194,9400462,2350116
194,2,1194,9400462,2350116
194A,1,1195,9401496,2350374
195,5,1194,9400462,2350116
196,18,1195,9403061,2350766
197,19,1194,9400462,2350116
198,6,1194,9400462,2350116
198A,0,0,1232,308
199,0,0,1218,305
199A,28,1194,9400462,2350116
2,10,1194,9400462,2350116
2001,9,1194,9400462,2350116
2002,0,0,1223,306
2010,4,1194,9400462,2350116
2011,0,0,1238,310
2012,9,1194,9400462,2350116
2013,12,1194,9400462,2350116
2014,11,1194,9400462,2350116
2015,4,1194,9400462,2350116
2016,2,1194,9400462,2350116
2031,6,1194,9400462,2350116
2032,3,1194,9400462,2350116
2032A,11,1194,9400462,2350116
2033,0,0,1335,334
2033A,0,0,1160,290
2034,0,0,1438,360
2035,10,1194,9400462,2350116
2036,2,1194,9400462,2350116
2037,1,1194,9400462,2350116
2038,0,0,3655,914
2039,0,0,2405,602
2040,0,0,3441,861
2041,3,1194,9400462,2350116
2042,0,0,2806,702
2043,4,1194,9400462,2350116
2044,3,1194,9400462,2350116
2045,1,1,1784,446
2046,1,1,3271,818
2051,1,1195,9400708,2350177
2052,0,0,1221,306
2053,10,1194,9400462,2350116
2054,1,1194,9400462,2350116
2055,15,1194,9400462,2350116
2056,9,1194,9400462,2350116
2056A,17,1194,9400462,2350116
2057,0,0,1235,309
2058,8,1194,9400462,2350116
21,6,1194,9400462,2350116
2101,5,1194,9400462,2350116
2102,6,1194,9400462,2350116
2103,2,1194,9400462,2350116
2104,2,1196,9405328,2351332
2105,3,1196,9405328,2351332
2106,12,1194,9400462,2350116
2107,11,1194,9400462,2350116
2108,1,1195,9403177,2350795
211,2,1196,9400922,2350231
212,0,0,1547,387
213,9,1194,9400462,2350116
214,0,0,1217,305
215,0,0,1218,305
216,4,1194,9400462,2350116
217,0,0,9303,2326
218,0,0,1217,305
219,20,1194,9400462,2350116
22,5,1194,9400462,2350116
220,17,1194,9400462,2350116
2201,5,1195,9403707,2350927
2202,0,0,1222,306
2203,0,0,1516,379
2204,6,1194,9400462,2350116
2205,0,0,1961,491
2206,1,1195,9401387,2350347
2207,2,1195,9401670,2350418
2207A,2,1194,9400462,2350116
2207B,2,1195,9401892,2350473
2208,0,0,1698,425
2209,0,0,1748,437
221,17,1194,9400462,2350116
2210,0,0,1221,306
222,0,0,1229,308
223,16,1194,9400462,2350116
224,10,1194,9400462,2350116
225,8,1194,9400462,2350116
226,1,1195,9400560,2350140
23,9,1194,9400462,2350116
24,20,1194,9400462,2350116
241,0,0,1343,336
242,0,0,1221,306
243,8,1194,9400462,2350116
244,0,0,1233,309
245,9,1194,9400462,2350116
245A,7,1194,9400462,2350116
246,14,1194,9400462,2350116
246A,5,1194,9400462,2350116
247,3,1197,9418329,2354583
248,0,0,2654,664
249,3,1195,9401680,2350420
25,7,1194,9400462,2350116
250,8,1194,9400462,2350116
2501,7,1194,9400462,2350116
2502,2,1194,9400462,2350116
2503,10,1194,9400462,2350116
2504,5,1195,9402322,2350581
2505,4,1194,9400462,2350116
2511,1,1194,9400462,2350116
2512,1,1,3101,776
2513,2,1194,9400462,2350116
2514,0,0,6331,1583
2515,0,0,1413,354
2515A,0,0,1224,306
2516,0,0,1809,453
2517,0,0,1229,308
2518,0,0,3123,781
2519,3,1194,9400462,2350116
2521,0,0,1221,306
2522,10,1194,9400462,2350116
2523,8,1194,9400462,2350116
2524,2,1195,9400707,2350177
25A,12,1194,9400462,2350116
25B,16,1195,9406154,2351539
25C,6,1194,9400462,2350116
25D,5,1194,9400462,2350116
25E,7,1194,9400462,2350116
25F,9,1195,9406946,2351737
26,28,1194,9400462,2350116
2601,0,0,1250,313
2602,1,1,1465,367
2603,2,1196,9402168,2350542
2604,0,0,1238,310
261,0,0,1298,325
2611,1,1194,9400462,2350116
2612,1,1194,9400462,2350116
2613,0,0,1793,449
2614,0,0,1148,287
262,0,0,1613,404
2621,0,0,1818,455
2622,1,1194,9400462,2350116
2623,0,0,1318,330
2624,2,1195,9401546,2350387
263,29,1194,9400462,2350116
2631,1,1195,9401051,2350263
2632,6,1200,9428717,2357180
263A,24,1194,9400462,2350116
264,11,1194,9400462,2350116
2641,1,1195,9401040,2350260
2642,11,1200,9428717,2357180
265,15,1194,9400462,2350116
2651,1,1194,9400462,2350116
2652,8,1197,9405803,2351451
2653,1,1195,9402203,2350551
2654,6,1203,9434856,2358714
266,0,0,1468,367
2661,3,1195,9401245,2350312
2662,1,1197,9403177,2350795
2663,2,1198,9406529,2351633
2664,0,0,1221,306
267,15,1194,9400462,2350116
267A,3,1195,9404323,2351081
268,1,1194,9400462,2350116
269,1,1195,9403454,2350864
269A,2,1194,9400462,2350116
269B,6,1195,9403539,2350885
27,1,1194,9400462,2350116
270,0,0,1215,304
2701,5,1194,9400462,2350116
2702,3,1196,9407995,2351999
2703,0,0,2000,500
2704,1,1195,9404044,2351011
271,3,1194,9400462,2350116
272,3,1194,9400462,2350116
273,0,0,1544,386
274,15,1194,9400462,2350116
275,6,1194,9400462,2350116
276,2,1195,9402645,2350662
277,3,1194,9400462,2350116
278,0,0,1222,306
279,4,1195,9412283,2353071
28,0,0,1153,289
280,0,0,1225,307
2801,8,1194,9400462,2350116
280A,6,1194,9400462,2350116
280B,0,0,1606,402
280C,16,1194,9400462,2350116
280D,0,0,1226,307
280E,0,0,1642,411
280F,5,1194,9400462,2350116
280G,9,1194,9400462,2350116
280H,3,1197,9416885,2354222
281,1,1195,9404956,2351239
29,0,0,1153,289
291,18,1194,9400462,2350116
3,4,1194,9400462,2350116
30,0,0,1230,308
301,8,1194,9400462,2350116
302,9,1194,9400462,2350116
303,8,1194,9400462,2350116
304,16,1194,9400462,2350116
305,6,1194,9400462,2350116
306,13,1194,9400462,2350116
307,2,1194,9400462,2350116
30A,0,0,1232,308
30B,8,1194,9400462,2350116
30C,12,1194,9400462,2350116
30D,9,1194,9400462,2350116
31,3,1194,9400462,2350116
3101,2,1194,9400462,2350116
3102,4,1194,9400462,2350116
311,1,1194,9400462,2350116
3111,5,1194,9400462,2350116
3112,1,1195,9400973,2350244
3113,0,0,1222,306
312,28,1194,9400462,2350116
3121,43,1194,9400462,2350116
3122,2,1194,9400462,2350116
3123,0,0,1594,399
3124,1,1195,9400756,2350189
3125,3,1194,9400462,2350116
3126,2,1195,9401018,2350255
3127,3,1195,9403673,2350919
3128,0,0,1222,306
3131,21,1194,9400462,2350116
3132,19,1194,9400462,2350116
3133,4,1195,9401036,2350259
3134,30,1194,9400462,2350116
316,7,1194,9400462,2350116
317,0,0,1659,415
318,10,1194,9400462,2350116
32,14,1194,9400462,2350116
3201,3,1194,9400462,2350116
3202,4,1194,9400462,2350116
3211,4,1194,9400462,2350116
3212,1,1195,9400807,2350202
3221,3,1194,9400462,2350116
3231,16,1194,9400462,2350116
3232,0,0,1901,476
3233,0,0,1214,304
3241,3,1194,9400462,2350116
33,0,0,1433,359
3301,1,1194,9400462,2350116
3302,5,1194,9400462,2350116
3303,5,1194,9400462,2350116
3304,6,1194,9400462,2350116
3305,5,1194,9400462,2350116
3306,28,1194,9400462,2350116
3307,0,0,1594,399
3308,1,1195,9400973,2350244
3309,3,1194,9400462,2350116
331,3,1194,9400462,2350116
3310,2,1194,9400462,2350116
3311,0,0,1215,304
332,6,1194,9400462,2350116
3321,0,0,2280,570
3322,2,1197,9402239,2350560
3323,0,0,1148,287
333,0,0,1220,305
334,3,1195,9401970,2350493
336,6,1194,9400462,2350116
337,4,1194,9400462,2350116
338,9,1194,9400462,2350116
34,3,1194,9400462,2350116
3401,24,1194,9400462,2350116
3402,25,1194,9400462,2350116
3403,0,0,1343,336
3404,0,0,1713,429
3405,9,1194,9400462,2350116
3406,16,1194,9400462,2350116
341,0,0,1222,306
342,0,0,1221,306
346,2,1195,9401262,2350316
35,16,1194,9400462,2350116
3501,0,0,1594,399
3502,3,1195,9400927,2350232
3503,0,0,1435,359
3504,0,0,1982,496
3505,5,1195,9402221,2350556
3506,0,0,1971,493
3507,0,0,1223,306
3508,1,1195,9403203,2350801
3509,7,1196,9405074,2351269
351,14,1194,9400462,2350116
3510,6,1195,9404252,2351063
3511,15,1194,9400462,2350116
3512,5,1195,9403069,2350768
354,6,1194,9400462,2350116
355,19,1194,9400462,2350116
356,8,1194,9400462,2350116
357,8,1194,9400462,2350116
358,7,1194,9400462,2350116
36,13,1194,9400462,2350116
361,4,1194,9400462,2350116
362,2,1194,9400462,2350116
363,0,0,1221,306
367,11,1194,9400462,2350116
368,11,1194,9400462,2350116
36A,0,0,1232,308
36B,10,1194,9400462,2350116
36C,0,0,1154,289
37,1,1195,9400599,2350150
373,0,0,1221,306
374,0,0,1227,307
38,47,1194,9400462,2350116
381,22,1194,9400462,2350116
382,20,1194,9400462,2350116
383,5,1194,9400462,2350116
384,6,1195,9407069,2351768
385,0,0,3162,791
386,0,0,1224,306
39,2,1194,9400462,2350116
4,0,0,1213,304
40,12,1194,9400462,2350116
401,43,1194,9400462,2350116
402,21,1194,9400462,2350116
402A,12,1194,9400462,2350116
403,19,1194,9400462,2350116
404,22,1194,9400462,2350116
4041,12,1194,9400462,2350116
4042,2,1194,9400462,2350116
4043,0,0,5341,1336
404A,7,1194,9400462,2350116
405,0,0,1223,306
4051,1,1,6291,1573
4052,5,1195,9407201,2351801
4053,1,2,9657,2415
406,9,1194,9400462,2350116
4064,1,1194,9400462,2350116
407,7,1195,9406217,2351555
4071,0,0,2718,680
4072,1,3,10905,2727
4073,1,1,2886,722
408,35,1194,9400462,2350116
4081,4,1194,9400462,2350116
4082,7,1194,9400462,2350116
4083,8,1194,9400462,2350116
4084,3,1195,9400991,2350248
408A,13,1194,9400462,2350116
409,15,1194,9400462,2350116
409A,9,1194,9400462,2350116
40A,14,1194,9400462,2350116
40B,5,1194,9400462,2350116
41,22,1194,9400462,2350116
410,7,1194,9400462,2350116
4101,10,1194,9400462,2350116
4102,1,1195,9400860,2350215
4103,2,1195,9400997,2350250
4104,7,1195,9401420,2350355
4105,2,1195,9401531,2350383
411,16,1194,9400462,2350116
412,11,1194,9400462,2350116
4121,1,1194,9400462,2350116
413,9,1194,9400462,2350116
4131,1,1194,9400462,2350116
4132,4,1194,9400462,2350116
414,45,1194,9400462,2350116
414A,3,1195,9405155,2351289
415,25,1194,9400462,2350116
416,8,1194,9400462,2350116
4161,1,1195,9403836,2350959
4162,3,1196,9406410,2351603
417,3,1194,9400462,2350116
4181,0,0,1490,373
4182,3,1194,9400462,2350116
418E,2,1194,9400462,2350116
419,6,1194,9400462,2350116
4191,0,0,1226,307
419A,8,1194,9400462,2350116
42,21,1194,9400462,2350116
420,11,1194,9400462,2350116
421,6,1194,9400462,2350116
4216,3,1194,9400462,2350116
4217,2,1194,9400462,2350116
4218,3,1194,9400462,2350116
4219,0,0,1595,399
422,4,1194,9400462,2350116
4221,10,1194,9400462,2350116
4222,6,1194,9400462,2350116
4223,3,1194,9400462,2350116
4224,0,0,1218,305
4225,0,0,1444,361
4226,0,0,1222,306
4227,1,1195,9400674,2350169
422A,0,0,1157,290
423,4,1194,9400462,2350116
424,10,1194,9400462,2350116
425,0,0,1155,289
4251,0,0,2943,736
4252,0,0,4394,1099
4253,6,1196,9409074,2352269
4254,1,1,4325,1082
4261,8,1194,9400462,2350116
4262,0,0,6609,1653
4263,1,1194,9400462,2350116
4271,1,2,10214,2554
4272,1,1,7654,1914
4281,2,1194,9400462,2350116
4282,3,1194,9400462,2350116
4283,0,0,1228,307
4291,1,1195,9400795,2350199
4292,0,0,1222,306
4293,4,1194,9400462,2350116
43,8,1194,9400462,2350116
430,10,1194,9400462,2350116
431,7,1194,9400462,2350116
432,10,1194,9400462,2350116
433,7,1194,9400462,2350116
436,5,1194,9400462,2350116
4371,1,1,4691,1173
4372,1,1,4691,1173
4373,2,1195,9401149,2350288
4374,0,0,1499,375
4375,1,1195,9402880,2350720
4376,1,1195,9403674,2350919
4377,2,1197,9408261,2352066
44,2,1194,9400462,2350116
4401,1,1,3745,937
4402,1,1197,9409434,2352359
4403,1,1195,9400719,2350180
4404,0,0,1487,372
4405,1,1196,9401616,2350404
441,4,1194,9400462,2350116
4411,1,2,4353,1089
4412,0,0,2257,565
4413,5,8,7854,1964
4414,1,1196,9401628,2350407
442,1,1194,9400462,2350116
4421,2,1195,9401438,2350360
4422,0,0,1515,379
4423,1,1199,9426647,2356662
4424,2,1194,9400462,2350116
443,7,1194,9400462,2350116
444,5,1197,9416885,2354222
446,0,0,2974,744
4461,0,0,1742,436
4462,2,1196,9408553,2352139
447,5,1194,9400462,2350116
4471,0,0,1551,388
4472,0,0,2018,505
4475,1,1195,9403088,2350772
448,10,1194,9400462,2350116
4481,0,0,3704,926
4482,1,1,5754,1439
4483,4,1195,9407324,2351831
4484,1,1195,9400699,2350175
44A,0,0,1154,289
44B,0,0,1226,307
44C,0,0,1154,289
44D,0,0,1154,289
44E,0,0,1154,289
44F,0,0,1154,289
44G,0,0,1154,289
44H,0,0,1155,289
45,20,1194,9400462,2350116
4501,5,1195,9406640,2351660
451,13,1194,9400462,2350116
452,0,0,1195,299
4521,0,0,1216,304
453,15,1194,9400462,2350116
453A,7,1195,9407376,2351844
453B,6,1194,9400462,2350116
453C,0,0,1228,307
454,2,1194,9400462,2350116
455,1,1195,9404873,2351219
456,1,1194,9400462,2350116
457,11,1194,9400462,2350116
457A,3,1194,9400462,2350116
458,1,1195,9408122,2352031
45A,9,1194,9400462,2350116
45AA,5,1194,9400462,2350116
45B,4,1194,9400462,2350116
45C,3,1194,9400462,2350116
45D,14,1194,9400462,2350116
45E,8,1194,9400462,2350116
45F,8,1194,9400462,2350116
45G,2,1194,9400462,2350116
45H,6,1194,9400462,2350116
45I,4,1194,9400462,2350116
45J,5,1194,9400462,2350116
45K,9,1194,9400462,2350116
45L,5,1194,9400462,2350116
45M,0,0,1232,308
45N,2,1194,9400462,2350116
45O,3,1194,9400462,2350116
45P,4,1194,9400462,2350116
45Q,7,1194,9400462,2350116
45R,15,1194,9400462,2350116
45S,5,1194,9400462,2350116
45T,4,1194,9400462,2350116
45U,4,1194,9400462,2350116
45V,4,1194,9400462,2350116
45W,5,1194,9400462,2350116
45X,5,1194,9400462,2350116
45Y,16,1194,9400462,2350116
45Z,11,1194,9400462,2350116
46,1,1194,9400462,2350116
460,12,1194,9400462,2350116
461,11,1194,9400462,2350116
4611,1,1194,9400462,2350116
4612,6,1194,9400462,2350116
462,0,0,1195,299
463,0,0,1223,306
464,2,1194,9400462,2350116
465,23,1194,9400462,2350116
466,0,0,1219,305
4661,0,0,2258,565
4662,6,1198,9422918,2355730
467,9,1194,9400462,2350116
4671,3,1198,9422918,2355730
4672,3,1198,9422918,2355730
468,2,1194,9400462,2350116
4681,1,1199,9424200,2356050
4682,5,1200,9434425,2358607
468A,4,1195,9408742,2352186
468B,4,1195,9406373,2351594
469,28,1194,9400462,2350116
47,3,1194,9400462,2350116
470,8,1195,9410288,2352572
4701,2,1194,9400462,2350116
471,4,1194,9400462,2350116
472,2,1194,9400462,2350116
473,2,1195,9406504,2351626
474,3,1195,9404305,2351077
475,11,1194,9400462,2350116
48,15,1194,9400462,2350116
481,4,1194,9400462,2350116
482,1,1194,9400462,2350116
483,8,1194,9400462,2350116
48A,4,1194,9400462,2350116
48B,4,1194,9400462,2350116
48C,9,1194,9400462,2350116
48D,7,1194,9400462,2350116
48E,17,1194,9400462,2350116
49,10,1194,9400462,2350116
4901,1,3,5027,1257
4902,0,0,1277,320
4903,1,3,5224,1306
4904,0,0,1485,372
4905,1,1,3448,862
4906,0,0,1726,432
4907,1,3,4661,1166
4911,2,1194,9400462,2350116
4912,2,1194,9400462,2350116
4940,14,1194,9400462,2350116
4941,10,1194,9400462,2350116
4942,15,1194,9400462,2350116
4943,10,1194,9400462,2350116
4944,2,1194,9400462,2350116
4945,9,1194,9400462,2350116
4946,4,1194,9400462,2350116
4947,16,1194,9400462,2350116
4948,14,1194,9400462,2350116
4951,3,1194,9400462,2350116
4952,3,1194,9400462,2350116
4953,4,1195,9402139,2350535
4955,4,1194,9400462,2350116
4958,6,1194,9400462,2350116
4959,1,1194,9400462,2350116
4960,13,1195,9406255,2351564
4961,4,1194,9400462,2350116
4962,3,1194,9400462,2350116
4963,16,1194,9400462,2350116
4965,10,1194,9400462,2350116
4966,4,1194,9400462,2350116
4967,1,1194,9400462,2350116
4968,4,1194,9400462,2350116
4971,8,1194,9400462,2350116
4972,9,1194,9400462,2350116
4973,15,1194,9400462,2350116
4974,6,1194,9400462,2350116
4975,23,1194,9400462,2350116
4976,4,1195,9402778,2350695
4977,2,1195,9402553,2350639
4978,10,1194,9400462,2350116
4978A,0,0,1233,309
4978B,0,0,1228,307
4979,5,1194,9400462,2350116
4979A,4,1194,9400462,2350116
4980,7,1194,9400462,2350116
4980A,0,0,1219,305
4980B,9,1194,9400462,2350116
4980C,5,1194,9400462,2350116
4980D,6,1194,9400462,2350116
4980E,2,1194,9400462,2350116
4980F,7,1194,9400462,2350116
4980G,2,1194,9400462,2350116
4980H,4,1194,9400462,2350116
4980I,0,0,1228,307
4981,5,1194,9400462,2350116
4982,11,1194,9400462,2350116
4985,6,1194,9400462,2350116
4999,3,1194,9400462,2350116
5,6,1194,9400462,2350116
50,21,1194,9400462,2350116
5000,2,1194,9400462,2350116
5000A,11,1194,9400462,2350116
5000B,0,0,2587,647
5000C,0,0,2397,600
5000D,3,1199,9429161,2357291
5001,11,1194,9400462,2350116
5002,3,1194,9400462,2350116
5003,9,1197,9404931,2351233
5004,4,1195,9401633,2350409
5005,9,1194,9400462,2350116
5006,3,1194,9400462,2350116
5007,6,1197,9405094,2351274
5008,7,1194,9400462,2350116
5009,0,0,1221,306
501,40,1194,9400462,2350116
5010,4,1197,9406569,2351643
5011,3,1194,9400462,2350116
502,2,1194,9400462,2350116
503,4,1194,9400462,2350116
504,1,1195,9401960,2350490
5041,4,1194,9400462,2350116
5042,3,1194,9400462,2350116
5043,3,1194,9400462,2350116
5044,2,1197,9403392,2350848
5045,0,0,1301,326
505,6,1194,9400462,2350116
5051,5,1194,9400462,2350116
5052,1,1194,9400462,2350116
5053,1,1194,9400462,2350116
5054,4,1194,9400462,2350116
5055,0,0,1597,400
5056,1,1196,9405610,2351403
506,2,1194,9400462,2350116
5061,10,1194,9400462,2350116
5062,0,0,3676,919
5063,0,0,1215,304
5064,0,0,4674,1169
5065,0,0,1421,356
5066,3,1194,9400462,2350116
5067,3,1195,9401025,2350257
5068,0,0,1274,319
507,6,1194,9400462,2350116
508,16,1194,9400462,2350116
509,8,1194,9400462,2350116
51,8,1194,9400462,2350116
5101,3,1194,9400462,2350116
5102,0,0,1293,324
511,5,1194,9400462,2350116
5111,0,0,1537,385
5112,0,0,1732,433
5113,0,0,1695,424
5114,1,1196,9404004,2351001
512,32,1194,9400462,2350116
5121,3,1194,9400462,2350116
5122,2,1194,9400462,2350116
5123,0,0,1983,496
5124,2,1195,9400910,2350228
513,7,1194,9400462,2350116
5131,2,1204,9420303,2355076
5132,3,1196,9402133,2350534
514,18,1194,9400462,2350116
515,2,1195,9400935,2350234
5171,2,1194,9400462,2350116
5172,1,1195,9401021,2350256
5173,4,1194,9400462,2350116
5174,0,0,1222,306
5175,1,1194,9400462,2350116
5176,2,1195,9401057,2350265
5177,5,1195,9401060,2350265
5178,4,1194,9400462,2350116
5179,3,1194,9400462,2350116
5180,1,1197,9403477,2350870
5181,2,1194,9400462,2350116
5182,2,1195,9400639,2350160
51A,0,0,1231,308
52,8,1194,9400462,2350116
5201,0,0,3340,835
5202,0,0,1378,345
5203,1,1,4174,1044
5204,0,0,2379,595
5205,0,0,1225,307
5206,4,1203,9419728,2354932
5207,2,1194,9400462,2350116
521,1,1194,9400462,2350116
5211,2,1195,9401392,2350348
5212,2,1194,9400462,2350116
5213,1,1194,9400462,2350116
5214,13,1194,9400462,2350116
5215,2,1194,9400462,2350116
5216,0,0,1259,315
522,0,0,1208,302
5221,2,1194,9400462,2350116
5222,5,1195,9402860,2350715
5223,0,0,3392,848
5231,1,1196,9401704,2350426
5232,0,0,2276,569
5233,0,0,1222,306
5234,0,0,1222,306
5235,0,0,1394,349
5236,0,0,2336,584
5241,0,0,1650,413
5242,0,0,1602,401
5243,0,0,1535,384
5244,2,1195,9400767,2350192
526,0,0,1548,387
527,12,1194,9400462,2350116
5271,1,1194,9400462,2350116
5272,1,1195,9400957,2350240
5273,4,1194,9400462,2350116
5274,0,0,1500,375
5275,1,1195,9401787,2350447
5276,0,0,1224,306
528,1,1194,9400462,2350116
529,15,1194,9400462,2350116
5291,2,1196,9402289,2350573
529A,12,1194,9400462,2350116
53,4,1194,9400462,2350116
530,12,1194,9400462,2350116
5301,2,1196,9404464,2351116
530A,12,1194,9400462,2350116
531,2,1194,9400462,2350116
5311,0,0,1876,469
5312,0,0,2629,658
5313,0,0,1460,365
5314,3,1194,9400462,2350116
5315,0,0,1223,306
532,4,1194,9400462,2350116
533,1,1195,9401122,2350281
534,2,1195,9402449,2350613
535,14,1194,9400462,2350116
5351,2,1195,9401332,2350333
5352,0,0,1403,351
5353,0,0,1716,429
5354,1,1194,9400462,2350116
5355,2,1195,9400638,2350160
5356,0,0,1505,377
5357,0,0,1371,343
536,2,1194,9400462,2350116
5361,1,1196,9402227,2350557
5362,1,1194,9400462,2350116
5363,1,1,1874,469
5364,1,1194,9400462,2350116
5365,0,0,1634,409
5366,0,0,1407,352
5367,0,0,1358,340
5368,0,0,1587,397
5369,0,0,1309,328
537,3,1195,9402966,2350742
5370,0,0,2515,629
5371,0,0,1383,346
5372,0,0,1289,323
5373,1,1194,9400462,2350116
5381,1,1194,9400462,2350116
5382,3,1194,9400462,2350116
5383,0,0,3269,818
5384,1,1,5946,1487
5385,1,1195,9401460,2350365
5386,1,1195,9401751,2350438
5387,1,1195,9401227,2350307
5388,0,0,4853,1214
5391,1,1194,9400462,2350116
5392,4,1198,9406187,2351547
54,0,0,1216,304
5401,3,1196,9404188,2351047
5402,1,1195,9401243,2350311
5403,2,1195,9400828,2350207
541,2,1194,9400462,2350116
5411,0,0,1616,404
5412,2,1197,9404659,2351165
5413,1,1195,9400797,2350200
5414,0,0,2491,623
5415,0,0,1803,451
5416,0,0,1358,340
5417,0,0,1647,412
5418,0,0,1793,449
542,17,1194,9400462,2350116
543,15,1194,9400462,2350116
544,2,1194,9400462,2350116
545,13,1194,9400462,2350116
546,2,1194,9400462,2350116
547,5,1194,9400462,2350116
54AA,0,0,1220,305
55,19,1194,9400462,2350116
5501,0,0,1411,353
5502,0,0,2268,567
5503,0,0,1361,341
5504,0,0,2375,594
5505,9,1194,9400462,2350116
5511,4,1194,9400462,2350116
5512,1,1195,9400788,2350197
5551,1,1194,9400462,2350116
5552,0,0,1804,451
5553,0,0,1669,418
5554,0,0,1642,411
5555,1,1194,9400462,2350116
5556,0,0,1487,372
5557,0,0,2284,571
5558,1,2,9357,2340
5559,0,0,1478,370
5560,0,0,1333,334
5561,0,0,1710,428
5562,0,0,1607,402
56,31,1194,9400462,2350116
5601,5,1194,9400462,2350116
5602,0,0,1652,413
5603,0,0,3269,818
5604,5,1203,9419728,2354932
5605,1,1196,9402289,2350573
5606,1,1196,9404464,2351116
5607,3,1194,9400462,2350116
5608,0,0,2982,746
5609,0,0,2741,686
561,4,1194,9400462,2350116
5610,0,0,1679,420
5611,0,0,1789,448
5612,1,1195,9401062,2350266
5613,0,0,1866,467
5614,0,0,2259,565
5615,4,1194,9400462,2350116
562,5,1194,9400462,2350116
563,3,1194,9400462,2350116
564,2,1194,9400462,2350116
565,5,1194,9400462,2350116
5661,0,0,2248,562
5662,0,0,1976,494
5663,0,0,1243,311
5671,2,1196,9401754,2350439
5672,1,1,2412,603
5673,0,0,1643,411
5674,1,1195,9401170,2350293
5675,1,1198,9405092,2351273
5676,0,0,1225,307
5681,4,1197,9403477,2350870
5682,0,0,1750,438
5683,0,0,1655,414
5684,7,1196,9402590,2350648
5685,2,2,11035,2759
5686,1,1,2826,707
5687,0,0,1449,363
5688,1,1,4626,1157
5689,0,0,1228,307
5690,0,0,1426,357
5691,0,0,1228,307
5692,0,0,1218,305
56A,22,1194,9400462,2350116
57,14,1194,9400462,2350116
5701,0,0,4200,1050
5702,4,1195,9406335,2351584
5703,5,1194,9400462,2350116
5704,0,0,3814,954
5705,1,1195,9401763,2350441
5706,0,0,1398,350
5707,0,0,1215,304
5708,0,0,3624,906
5711,0,0,2086,522
5712,1,2,5841,1461
5713,2,2,5841,1461
5721,0,0,1612,403
5722,0,0,1433,359
5723,0,0,2752,688
5731,2,1195,9401699,2350425
5732,0,0,2296,574
5733,0,0,4256,1064
5734,0,0,1734,434
5741,0,0,1523,381
5751,2,2,7243,1811
5752,0,0,1512,378
5753,0,0,1641,411
5754,3,1201,9413415,2353354
5761,6,1201,9413415,2353354
5762,2,4,9368,2342
5763,2,2,6473,1619
58,4,1194,9400462,2350116
5801,2,1195,9401531,2350383
5802,0,0,2120,530
581,2,1194,9400462,2350116
5811,0,0,1666,417
5812,0,0,2536,634
582,3,1194,9400462,2350116
5821,0,0,1657,415
5822,0,0,2070,518
583,0,0,1221,306
584,6,1194,9400462,2350116
5841,0,0,3068,767
5842,0,0,2106,527
5843,0,0,1402,351
5844,0,0,2017,505
5845,0,0,7673,1919
5846,3,1197,9402455,2350614
5847,0,0,1428,357
5848,0,0,2009,503
5849,0,0,1352,338
585,5,1194,9400462,2350116
5851,1,1196,9402552,2350638
5852,2,2,3810,953
5853,2,2,3131,783
5854,1,1,1951,488
586,0,0,1217,305
5861,3,1198,9405033,2351259
5871,0,0,1333,334
5872,0,0,2341,586
5881,3,1195,9402516,2350629
5891,5,1195,9406372,2351593
59,22,1194,9400462,2350116
591,0,0,2053,514
592,0,0,1221,306
593,17,1194,9400462,2350116
594,2,1194,9400462,2350116
597,2,1194,9400462,2350116
59A,28,1194,9400462,2350116
59B,0,0,1217,305
6001,1,1194,9400462,2350116
601,0,0,1221,306
6011,8,1194,9400462,2350116
6012,11,1194,9400462,2350116
6013,19,1194,9400462,2350116
6014,4,1194,9400462,2350116
6015,15,1194,9400462,2350116
6016,0,0,1216,304
6017,1,1194,9400462,2350116
6017A,0,0,1227,307
6018,3,1194,9400462,2350116
6019,3,1194,9400462,2350116
6020,0,0,2134,534
6021,0,0,1844,461
6031,6,1194,9400462,2350116
6032,3,1196,9401702,2350426
6033,25,1194,9400462,2350116
6034,2,1194,9400462,2350116
6034A,2,1194,9400462,2350116
6035,1,1194,9400462,2350116
6036,1,1,2046,512
6037,2,1194,9400462,2350116
6038,9,1194,9400462,2350116
6038A,13,1194,9400462,2350116
6038B,10,1194,9400462,2350116
6038C,4,1194,9400462,2350116
6038D,2,1194,9400462,2350116
6038E,3,1195,9400933,2350234
6039,2,1194,9400462,2350116
6039A,0,0,1218,305
6039B,0,0,1227,307
6039C,2,1194,9400462,2350116
6039D,7,1194,9400462,2350116
6039E,0,0,3229,808
6039F,4,1195,9402693,2350674
6039G,3,1194,9400462,2350116
6039H,3,1197,9418329,2354583
6039I,1,1195,9401900,2350475
6039J,0,0,1951,488
6039K,2,1194,9400462,2350116
6039L,2,1194,9400462,2350116
6040,11,1197,9409358,2352340
6041,15,1194,9400462,2350116
6041A,6,1194,9400462,2350116
6042,2,1194,9400462,2350116
6043,5,1194,9400462,2350116
6043A,0,0,3499,875
6044,4,1194,9400462,2350116
6045,12,1194,9400462,2350116
6045A,1,1194,9400462,2350116
6045B,1,1194,9400462,2350116
6046,4,1194,9400462,2350116
6046A,3,1194,9400462,2350116
6047,15,1194,9400462,2350116
6048,12,1194,9400462,2350116
6049,12,1194,9400462,2350116
6050,0,0,1206,302
6050A,1,1194,9400462,2350116
6050AA,1,1194,9400462,2350116
6050B,1,1195,9401950,2350488
6050C,0,0,1225,307
6050D,0,0,1837,460
6050E,0,0,2897,725
6050F,1,1195,9402425,2350607
6050G,2,1195,9401798,2350450
6050H,1,1194,9400462,2350116
6050I,1,1194,9400462,2350116
6050J,0,0,4112,1028
6050K,1,1194,9400462,2350116
6050L,2,1194,9400462,2350116
6050M,1,1194,9400462,2350116
6050N,1,1194,9400462,2350116
6050P,3,1194,9400462,2350116
6050Q,1,1194,9400462,2350116
6050R,1,1194,9400462,2350116
6050S,2,1194,9400462,2350116
6050T,1,1194,9400462,2350116
6050U,1,1194,9400462,2350116
6050V,4,1194,9400462,2350116
6050W,1,1194,9400462,2350116
6050X,1,1195,9403158,2350790
6050Y,2,1194,9400462,2350116
6050Z,1,1194,9400462,2350116
6051,29,1194,9400462,2350116
6052,1,1194,9400462,2350116
6053,10,1194,9400462,2350116
6055,3,1194,9400462,2350116
6056,4,1194,9400462,2350116
6057,4,1194,9400462,2350116
6058,6,1194,9400462,2350116
6059,6,1194,9400462,2350116
6060,0,0,2242,561
6061,3,1197,9403513,2350879
6062,1,1195,9401048,2350262
6063,1,1195,9400781,2350196
6064,0,0,1375,344
6065,0,0,1449,363
6071,2,5,7278,1820
6072,10,1194,9400462,2350116
6073,0,0,1228,307
6074,0,0,1216,304
6075,2,1194,9400462,2350116
6076,0,0,1223,306
6081,2,1195,9402127,2350532
6091,7,1195,9404609,2351153
6096,1,16,49112,12278
61,0,0,2047,512
6101,0,0,1418,355
6102,0,0,2300,575
6103,54,1194,9400462,2350116
6104,16,1194,9400462,2350116
6105,4,1194,9400462,2350116
6106,0,0,1222,306
6107,2,1194,9400462,2350116
6108,2,1197,9433364,2358341
6109,3,1194,9400462,2350116
611,2,1194,9400462,2350116
6110,13,1194,9400462,2350116
6111,1,1194,9400462,2350116
6112,2,1194,9400462,2350116
6113,3,1195,9402862,2350716
6114,0,0,1857,465
6115,1,1195,9401761,2350441
6116,0,0,2350,588
6117,1,1196,9401003,2350251
612,1,1195,9400779,2350195
613,4,1194,9400462,2350116
613A,11,1194,9400462,2350116
614,1,1194,9400462,2350116
615,0,0,1221,306
6151,2,1194,9400462,2350116
6152,0,0,1224,306
6153,0,0,1228,307
6154,0,0,1228,307
6155,3,1196,9401599,2350400
6156,0,0,1225,307
6157,2,1194,9400462,2350116
6158,0,0,1229,308
6159,1,1194,9400462,2350116
616,5,1194,9400462,2350116
6161,6,1194,9400462,2350116
6162,0,0,1223,306
6163,1,1,2581,646
6164,3,1194,9400462,2350116
6165,0,0,1562,391
6166,21,1194,9400462,2350116
6166A,0,0,1218,305
6167,4,1194,9400462,2350116
617,9,1194,9400462,2350116
62,24,1194,9400462,2350116
6201,8,1194,9400462,2350116
6202,0,0,1437,360
6203,0,0,1442,361
6204,1,1195,9400883,2350221
6205,7,1194,9400462,2350116
6206,7,1194,9400462,2350116
6207,5,1197,9405736,2351434
621,0,0,1227,307
6211,6,1194,9400462,2350116
6212,11,1194,9400462,2350116
6213,33,1194,9400462,2350116
6214,5,1194,9400462,2350116
6215,4,1194,9400462,2350116
6216,0,0,1488,372
6221,2,1194,9400462,2350116
6222,1,1194,9400462,2350116
6223,0,0,1893,474
6225,13,1194,9400462,2350116
6226,4,1194,9400462,2350116
6227,4,1194,9400462,2350116
6231,3,1194,9400462,2350116
6232,10,1194,9400462,2350116
6233,3,1196,9405750,2351438
6234,2,1194,9400462,2350116
6235,6,1194,9400462,2350116
6241,17,1194,9400462,2350116
63,11,1194,9400462,2350116
6301,0,0,1235,309
6302,6,1194,9400462,2350116
6303,2,1194,9400462,2350116
6304,1,1194,9400462,2350116
6305,3,1196,9402753,2350689
6306,7,1194,9400462,2350116
6307,1,1194,9400462,2350116
631,6,1194,9400462,2350116
6311,2,1194,9400462,2350116
6312,0,0,1213,304
6313,0,0,1354,339
6314,2,1195,9401362,2350341
6315,0,0,1339,335
6316,0,0,1378,345
6317,1,1195,9400764,2350191
632,0,0,1221,306
6320,4,1194,9400462,2350116
6321,0,0,1535,384
6322,1,1,1903,476
6323,8,1194,9400462,2350116
6324,4,1194,9400462,2350116
6324A,7,1194,9400462,2350116
6324B,2,1194,9400462,2350116
6325,7,1194,9400462,2350116
6326,0,0,1869,468
6327,3,1197,9405214,2351304
6330,8,1194,9400462,2350116
6331,11,1194,9400462,2350116
6332,4,1194,9400462,2350116
6333,0,0,1488,372
6334,4,1194,9400462,2350116
6335,4,1194,9400462,2350116
6336,0,0,2109,528
6337,2,1196,9402916,2350729
6338,2,1197,9404181,2351046
6339,4,1199,9408486,2352122
6340,1,1195,9401470,2350368
6341,0,0,1251,313
6342,1,1195,9401803,2350451
6343,9,1194,9400462,2350116
6344,5,1200,9409042,2352261
636,2,1195,9402175,2350544
638,2,1194,9400462,2350116
64,1,1195,9400978,2350245
6401,3,1194,9400462,2350116
6402,2,1194,9400462,2350116
6403,1,1195,9400983,2350246
6404,8,1194,9400462,2350116
6405,2,1194,9400462,2350116
6406,0,0,1727,432
6407,0,0,1389,348
6408,0,0,1720,430
6409,0,0,1795,449
641,7,1194,9400462,2350116
6411,8,1194,9400462,2350116
6412,2,1194,9400462,2350116
6413,11,1194,9400462,2350116
6414,0,0,1459,365
6415,3,1195,9401742,2350436
6416,13,1194,9400462,2350116
6417,23,1194,9400462,2350116
6418,22,1194,9400462,2350116
6419,0,0,3038,760
642,22,1194,9400462,2350116
6420,10,1194,9400462,2350116
6421,13,1194,9400462,2350116
6422,4,1196,9401977,2350495
6423,0,0,4280,1070
6424,0,0,1219,305
6425,5,1194,9400462,2350116
6426,9,1194,9400462,2350116
6427,16,1194,9400462,2350116
6428,4,1194,9400462,2350116
6428A,6,1194,9400462,2350116
6428B,7,1195,9412545,2353137
6429,0,0,1233,309
643,13,1194,9400462,2350116
6430,4,1195,9401163,2350291
6431,0,0,1220,305
6432,13,1196,9408889,2352223
6433,25,1195,9415814,2353954
6434,5,1194,9400462,2350116
6435,3,1194,9400462,2350116
644,2,1194,9400462,2350116
645,2,1195,9401891,2350473
646,9,1197,9418329,2354583
65,0,0,1530,383
6501,52,1194,9400462,2350116
6502,2,1194,9400462,2350116
6503,19,1194,9400462,2350116
6504,15,1196,9404886,2351222
651,1,1194,9400462,2350116
6511,21,1194,9400462,2350116
6512,9,1194,9400462,2350116
6513,8,1194,9400462,2350116
6514,3,1194,9400462,2350116
6515,5,1195,9400881,2350221
652,1,1194,9400462,2350116
6521,3,1195,9401932,2350483
6531,5,1194,9400462,2350116
6532,4,1194,9400462,2350116
6533,1,1195,9400867,2350217
66,3,1196,9405245,2351312
6601,18,1194,9400462,2350116
6602,2,1194,9400462,2350116
6603,3,1195,9403353,2350839
661,1,1194,9400462,2350116
6611,5,1194,9400462,2350116
6612,2,1195,9401295,2350324
662,2,1194,9400462,2350116
6621,4,1194,9400462,2350116
6622,2,1195,9401017,2350255
663,7,1194,9400462,2350116
6631,0,0,1445,362
664,16,1194,9400462,2350116
665,5,1194,9400462,2350116
6651,8,1194,9400462,2350116
6652,28,1194,9400462,2350116
6653,1,1,2400,600
6654,10,1194,9400462,2350116
6655,21,1194,9400462,2350116
6656,6,1194,9400462,2350116
6657,0,0,1853,464
6658,3,1195,9401583,2350396
6659,2,1195,9401185,2350297
666,2,1194,9400462,2350116
6662,21,1194,9400462,2350116
6662A,7,1194,9400462,2350116
6663,0,0,1965,492
6664,11,1194,9400462,2350116
6665,4,1195,9401527,2350382
667,6,1194,9400462,2350116
6671,0,0,1847,462
6672,5,1194,9400462,2350116
6673,1,1194,9400462,2350116
6674,4,1194,9400462,2350116
6675,6,1194,9400462,2350116
6676,1,1195,9401603,2350401
6677,1,1194,9400462,2350116
6678,0,0,1223,306
6679,2,1194,9400462,2350116
668,3,1194,9400462,2350116
6680,0,0,1233,309
6681,0,0,1229,308
6682,2,1195,9401587,2350397
6683,0,0,1226,307
6684,0,0,1660,415
6685,2,1195,9400978,2350245
6686,2,1195,9401252,2350313
6687,0,0,1225,307
6688,2,1195,9401088,2350272
6689,2,1195,9401409,2350353
669,0,0,1219,305
6690,2,1194,9400462,2350116
6691,0,0,1149,288
6692,3,1195,9400860,2350215
6693,8,1194,9400462,2350116
6694,5,1194,9400462,2350116
6695,9,1194,9400462,2350116
6695A,2,1194,9400462,2350116
6695B,3,1194,9400462,2350116
6696,6,1194,9400462,2350116
6697,0,0,1219,305
6698,4,1195,9402552,2350638
6698A,0,0,1218,305
6699,3,1195,9402432,2350608
67,16,1194,9400462,2350116
6700,0,0,3773,944
6701,2,1194,9400462,2350116
6702,8,1194,9400462,2350116
6703,5,1195,9402929,2350733
6704,1,1194,9400462,2350116
6705,1,1195,9400874,2350219
6706,1,1194,9400462,2350116
6707,2,1195,9402024,2350506
6707A,3,1194,9400462,2350116
6708,1,1195,9401231,2350308
6709,1,1195,9401882,2350471
671,1,1,3072,768
6710,1,1196,9404768,2351192
6711,3,1197,9406453,2351614
6712,1,1,2483,621
6713,2,1194,9400462,2350116
6714,1,1196,9402465,2350617
6715,1,1195,9403082,2350771
6715A,2,1195,9402227,2350557
6716,0,0,1221,306
6717,2,1194,9400462,2350116
6718,1,1195,9401377,2350345
6719,1,1195,9401100,2350275
672,5,1194,9400462,2350116
6720,2,1195,9401601,2350401
6720A,1,1195,9401203,2350301
6720B,2,1195,9400896,2350224
6720C,0,0,2127,532
6721,13,1194,9400462,2350116
6722,8,1194,9400462,2350116
6723,0,0,1525,382
6724,51,1194,9400462,2350116
6725,1,1195,9401245,2350312
6726,2,1195,9402956,2350739
673,0,0,2707,677
674,6,1194,9400462,2350116
675,1,1194,9400462,2350116
6751,4,1195,9401505,2350377
676,1,1,3528,882
677,5,1194,9400462,2350116
678,5,1194,9400462,2350116
679,4,1194,9400462,2350116
68,1,1194,9400462,2350116
6801,0,0,1776,444
6802,1,1195,9401267,2350317
6803,1,1196,9401913,2350479
6804,1,1,2108,527
6805,0,0,2782,696
6806,0,0,1511,378
6807,1,2,5146,1287
6808,0,0,1405,352
681,5,1194,9400462,2350116
682,0,0,1224,306
683,2,1195,9400975,2350244
684,1,2,4170,1043
685,2,1195,9402761,2350691
6851,4,1194,9400462,2350116
6852,4,1194,9400462,2350116
6861,6,1194,9400462,2350116
6862,1,1194,9400462,2350116
6863,7,1194,9400462,2350116
6864,1,1195,9400703,2350176
6867,4,1195,9402591,2350648
6871,1,1195,9402588,2350647
6872,1,2,2724,681
6873,2,1195,9400891,2350223
6901,6,1195,9406567,2351642
6902,0,0,2589,648
6903,0,0,1757,440
6904,1,1195,9400627,2350157
6905,1,1195,9401658,2350415
691,16,1194,9400462,2350116
692,2,1194,9400462,2350116
7001,1,1,2227,557
701,0,0,1385,347
7011,1,2,4156,1039
7012,8,1205,9410926,2352732
702,5,1194,9400462,2350116
703,9,1194,9400462,2350116
704,3,1194,9400462,2350116
705,5,1194,9400462,2350116
706,7,1194,9400462,2350116
707,5,1194,9400462,2350116
708,0,0,2302,576
709,1,1195,9402263,2350566
71,0,0,1222,306
7101,1,1195,9401092,2350273
7102,0,0,1393,349
7103,9,1201,9411012,2352753
7121,0,0,2062,516
7122,2,1194,9400462,2350116
7123,6,1195,9402677,2350670
7124,1,1195,9400708,2350177
72,39,1194,9400462,2350116
7201,0,0,1561,391
7202,0,0,1596,399
7203,3,1194,9400462,2350116
7204,2,1194,9400462,2350116
7205,2,1194,9400462,2350116
7206,3,1194,9400462,2350116
7207,3,1194,9400462,2350116
7208,1,3,6219,1555
7209,0,0,1638,410
721,2,1194,9400462,2350116
7210,6,1194,9400462,2350116
7211,0,0,1994,499
7212,0,0,2560,640
7213,5,1194,9400462,2350116
7213A,3,1194,9400462,2350116
7214,0,0,3944,986
7215,1,1196,9403510,2350878
7216,1,1194,9400462,2350116
7217,1,1195,9402260,2350565
722,1,1194,9400462,2350116
723,1,1195,9400815,2350204
7231,1,1,2227,557
7232,2,1195,9401115,2350279
7233,0,0,1225,307
7234,0,0,1228,307
7235,0,0,1228,307
7236,0,0,1209,303
7239,0,0,1228,307
724,3,1195,9403092,2350773
7240,0,0,1235,309
7241,0,0,1223,306
7261,0,0,1589,398
7262,0,0,1462,366
7263,0,0,1225,307
7264,0,0,1228,307
7265,0,0,1228,307
7266,0,0,1209,303
7267,0,0,1228,307
7268,0,0,1600,400
7269,2,1197,9402134,2350534
7270,1,1,1813,454
7271,1,2,3546,887
7272,3,1197,9402962,2350741
7273,1,1,2026,507
7274,0,0,1228,307
7275,2,1195,9402736,2350684
73,1,1194,9400462,2350116
7301,0,0,3052,763
7302,0,0,2179,545
7303,3,1199,9406329,2351583
7304,0,0,1579,395
731,7,1194,9400462,2350116
732,4,1194,9400462,2350116
7321,0,0,1310,328
7322,0,0,1495,374
7323,1,1199,9406984,2351746
7324,4,1199,9406984,2351746
7325,0,0,3838,960
7326,0,0,1232,308
7327,0,0,1383,346
7328,0,0,1619,405
733,1,1194,9400462,2350116
734,5,1194,9400462,2350116
7341,0,0,2026,507
7342,1,1,2127,532
7343,0,0,1418,355
7344,0,0,1778,445
7345,9,1194,9400462,2350116
735,4,1194,9400462,2350116
736,2,1194,9400462,2350116
737,3,1194,9400462,2350116
74,11,1194,9400462,2350116
7401,0,0,1408,352
7402,0,0,3177,795
7403,1,1195,9402467,2350617
7404,2,1195,9401360,2350340
7405,3,1194,9400462,2350116
7406,0,0,1349,338
7407,3,1195,9402508,2350627
7408,5,1197,9404486,2351122
7409,3,1195,9402967,2350742
741,1,1194,9400462,2350116
7410,0,0,1482,371
742,0,0,1330,333
7421,2,1194,9400462,2350116
7422,19,1194,9400462,2350116
7423,0,0,1740,435
7424,0,0,1838,460
7425,0,0,7342,1836
7426,6,1194,9400462,2350116
7427,1,1195,9400776,2350194
7428,7,1194,9400462,2350116
7429,6,1194,9400462,2350116
743,5,1194,9400462,2350116
7430,3,1194,9400462,2350116
7431,7,1194,9400462,2350116
7432,1,1194,9400462,2350116
7433,4,1194,9400462,2350116
7433A,2,1194,9400462,2350116
7434,1,1195,9402359,2350590
7435,0,0,3426,857
7436,9,1194,9400462,2350116
7437,3,1196,9404416,2351104
7441,0,0,1485,372
7442,0,0,1442,361
7443,2,1195,9401912,2350478
7443A,6,1196,9403390,2350848
7443B,0,0,1221,306
7444,0,0,2345,587
7445,0,0,1311,328
7446,0,0,1470,368
7447,2,1199,9450499,2362625
7447A,2,1199,9450499,2362625
7448,4,1199,9450499,2362625
7451,0,0,1964,491
7452,0,0,1640,410
7453,2,1194,9400462,2350116
7454,11,1194,9400462,2350116
7455,0,0,1394,349
7456,0,0,5230,1308
7457,1,1,5971,1493
7458,0,0,2016,504
7459,4,1194,9400462,2350116
7460,0,0,2161,541
7461,0,0,2220,555
7462,0,0,1671,418
7463,9,1194,9400462,2350116
7464,0,0,1389,348
7465,1,1,2926,732
7466,3,1196,9403657,2350915
7470,0,0,1659,415
7470A,0,0,2078,520
7471,1,1197,9408353,2352089
7472,1,1,2765,692
7473,2,2,2879,720
7474,0,0,1492,373
7475,0,0,1612,403
7476,2,1194,9400462,2350116
7477,0,0,2322,581
7478,1,1194,9400462,2350116
7479,2,1194,9400462,2350116
7481,7,1194,9400462,2350116
7482,9,1194,9400462,2350116
7483,0,0,1515,379
7484,0,0,1375,344
7485,4,1194,9400462,2350116
7486,0,0,1562,391
7487,2,1196,9401102,2350276
7491,2,1196,9403778,2350945
75,2,1194,9400462,2350116
7501,2,1196,9401615,2350404
7502,1,1194,9400462,2350116
7503,0,0,2196,549
7504,0,0,1509,378
7505,0,0,1669,418
7506,0,0,2773,694
7507,0,0,4371,1093
7508,6,1194,9400462,2350116
7508A,12,1194,9400462,2350116
7509,0,0,1913,479
751,17,1194,9400462,2350116
7510,0,0,1566,392
7511,0,0,1216,304
7512,1,1195,9402523,2350631
7513,1,1194,9400462,2350116
7514,0,0,2135,534
7515,0,0,1222,306
7516,0,0,1807,452
7517,0,0,2448,612
7518,11,1194,9400462,2350116
7519,6,1197,9416885,2354222
752,0,0,2300,575
7520,1,1194,9400462,2350116
7521,0,0,4410,1103
7522,3,1197,9402406,2350602
7523,0,0,3589,898
7524,0,0,1360,340
7525,1,1195,9402335,2350584
7526,2,1195,9404691,2351173
7526A,4,1196,9413022,2353256
7527,3,1194,9400462,2350116
7527A,5,1194,9400462,2350116
7528,3,1195,9403446,2350862
7529,1,1195,9403184,2350796
753,2,1194,9400462,2350116
7530,1,1195,9406955,2351739
754,2,1194,9400462,2350116
755,5,1194,9400462,2350116
76,0,0,1219,305
7601,1,1,3221,806
7602,2,1194,9400462,2350116
7603,9,1194,9400462,2350116
7604,6,1194,9400462,2350116
7605,5,1198,9426401,2356601
7606,1,1,2127,532
7607,0,0,1294,324
7608,1,1,9196,2299
7609,11,1196,9411964,2352991
761,5,1194,9400462,2350116
7610,4,1195,9401567,2350392
7611,10,1197,9425347,2356337
7612,4,1194,9400462,2350116
7613,3,1202,9429467,2357367
7621,0,0,1563,391
7622,0,0,1990,498
7623,0,0,10236,2559
7624,0,0,2619,655
7641,0,0,1223,306
7651,1,1,3590,898
7652,5,1194,9400462,2350116
7653,0,0,2630,658
7654,2,1194,9400462,2350116
7655,2,1195,9400995,2350249
77,0,0,1752,438
7701,51,1194,9400462,2350116
7702,5,1194,9400462,2350116
7702A,2,1194,9400462,2350116
7702B,15,1194,9400462,2350116
7703,2,1194,9400462,2350116
7704,16,1194,9400462,2350116
7705,2,1194,9400462,2350116
78,3,1194,9400462,2350116
7801,0,0,2971,743
7802,0,0,14078,3520
7803,13,1197,9433364,2358341
7804,0,0,3380,845
7805,0,0,5787,1447
7806,0,0,1931,483
7807,0,0,2747,687
7808,0,0,1595,399
7809,12,1202,9446976,2361744
7810,1,1,8291,2073
7811,1,1194,9400462,2350116
7812,2,1212,9448081,2362021
7851,14,1194,9400462,2350116
7852,0,0,3119,780
7871,16,1194,9400462,2350116
7872,8,1194,9400462,2350116
7873,0,0,4516,1129
7874,12,1194,9400462,2350116
79,10,1194,9400462,2350116
80,4,1195,9402611,2350653
8001,0,0,1309,328
8002,0,0,3582,896
8003,0,0,1262,316
8004,0,0,1420,355
8005,0,0,1386,347
801,1,1194,9400462,2350116
8021,1,1195,9402029,2350508
8022,1,1195,9402154,2350539
8023,0,0,3134,784
803,1,1194,9400462,2350116
804,1,1195,9400630,2350158
805,15,1194,9400462,2350116
806,0,0,1218,305
807,9,1194,9400462,2350116
808,3,1194,9400462,2350116
809,0,0,1217,305
81,0,0,1224,306
810,0,0,1221,306
811,6,1194,9400462,2350116
812,2,1194,9400462,2350116
813,0,0,1226,307
814,4,1195,9408322,2352081
815,0,0,1218,305
816,2,1194,9400462,2350116
817,6,1194,9400462,2350116
817A,7,1195,9403817,2350955
818,22,1194,9400462,2350116
82,1,1194,9400462,2350116
83,18,1194,9400462,2350116
831,9,1194,9400462,2350116
832,24,1194,9400462,2350116
833,3,1195,9407653,2351914
834,11,1194,9400462,2350116
835,2,1194,9400462,2350116
84,1,1195,9401485,2350372
841,6,1195,9401268,2350317
842,6,1194,9400462,2350116
843,0,0,1573,394
844,0,0,1224,306
845,1,1195,9401904,2350476
846,2,1194,9400462,2350116
847,0,0,1218,305
848,11,1194,9400462,2350116
85,7,1194,9400462,2350116
851,8,1194,9400462,2350116
852,22,1194,9400462,2350116
853,5,1194,9400462,2350116
853A,6,1197,9404401,2351101
854,8,1194,9400462,2350116
855,2,1194,9400462,2350116
856,29,1194,9400462,2350116
857,25,1194,9400462,2350116
858,1,1194,9400462,2350116
859,2,1195,9401373,2350344
86,12,1194,9400462,2350116
860,8,1194,9400462,2350116
860A,0,0,1516,379
860B,2,1194,9400462,2350116
860C,6,1194,9400462,2350116
860D,2,1194,9400462,2350116
860E,11,1194,9400462,2350116
860F,5,1194,9400462,2350116
860G,10,1194,9400462,2350116
861,15,1194,9400462,2350116
862,3,1194,9400462,2350116
863,4,1194,9400462,2350116
864,31,1194,9400462,2350116
865,18,1194,9400462,2350116
87,3,1194,9400462,2350116
871,35,1194,9400462,2350116
872,0,0,4177,1045
873,5,1194,9400462,2350116
874,6,1194,9400462,2350116
875,0,0,1706,427
876,3,1194,9400462,2350116
877,19,1194,9400462,2350116
877A,20,1194,9400462,2350116
878,2,1195,9400688,2350172
879,4,1195,9402260,2350565
88,0,0,1466,367
881,12,1194,9400462,2350116
882,15,1194,9400462,2350116
883,2,1194,9400462,2350116
884,10,1194,9400462,2350116
885,5,1195,9401173,2350294
887,5,1194,9400462,2350116
89,0,0,1214,304
891,9,1194,9400462,2350116
892,0,0,3819,955
893,1,1,5619,1405
894,3,1194,9400462,2350116
895,0,0,2070,518
896,0,0,6093,1524
897,17,1194,9400462,2350116
898,3,1194,9400462,2350116
90,0,0,2048,512
9001,0,0,1226,307
9002,3,16,49112,12278
9003,4,16,49112,12278
9004,2,16,49112,12278
9005,5,16,49112,12278
9006,4,16,49112,12278
9007,2,16,49112,12278
9008,3,16,49112,12278
9009,2,17,51940,12985
901,25,1194,9400462,2350116
9010,3,17,50803,12701
9011,0,0,2552,638
9012,4,1212,9454443,2363611
9013,0,0,1231,308
902,0,0,1218,305
903,2,1194,9400462,2350116
9031,0,0,1236,309
9032,2,16,49112,12278
9033,4,16,49112,12278
9034,3,16,49112,12278
9035,0,0,1897,475
9036,5,16,49112,12278
9037,4,16,49112,12278
9038,2,16,49112,12278
9039,2,17,51896,12974
904,46,1194,9400462,2350116
9040,1,17,50489,12623
9041,0,0,1710,428
9042,2,17,51788,12947
905,4,1194,9400462,2350116
906,6,1194,9400462,2350116
907,5,1194,9400462,2350116
908,6,1194,9400462,2350116
909,6,1195,9403988,2350997
91,3,1195,9402613,2350654
911,13,1194,9400462,2350116
912,0,0,2971,743
913,0,0,1213,304
931,1,1194,9400462,2350116
932,2,1194,9400462,2350116
933,1,1194,9400462,2350116
934,2,1194,9400462,2350116
934A,0,0,1224,306
935,0,0,1222,306
936,0,0,1232,308
937,9,1194,9400462,2350116
9500,0,0,1211,303
9501,5,1194,9400462,2350116
9502,12,1209,9448235,2362059
9503,21,1207,9437426,2359357
9504,4,1209,9444388,2361097
9505,2,2,4721,1181
9506,2,1196,9403381,2350846
9507,6,1200,9429344,2357336
9508,5,1207,9437426,2359357
9509,3,1196,9407900,2351975
951,5,1194,9400462,2350116
9510,4,1196,9405569,2351393
9511,2,1196,9406882,2351721
951A,19,1194,9400462,2350116
951B,5,1195,9403197,2350800
952,10,1194,9400462,2350116
953,21,1194,9400462,2350116
954,18,1194,9400462,2350116
955,0,0,1218,305
956,9,1194,9400462,2350116
956A,0,0,1223,306
957,4,1194,9400462,2350116
958,7,1194,9400462,2350116
959,5,1194,9400462,2350116
960,6,1194,9400462,2350116
9601,0,0,1640,410
9602,0,0,2535,634
961,6,1194,9400462,2350116
962,6,1194,9400462,2350116
963,0,0,1216,304
964,12,1194,9400462,2350116
965,23,1194,9400462,2350116
970,3,1195,9404930,2351233
9701,8,1202,9458099,2364525
9702,2,1202,9458099,2364525
9703,2,1202,9458099,2364525
9704,7,1202,9458099,2364525
9705,2,1202,9458099,2364525
9706,2,1202,9458099,2364525
9707,2,1203,9460820,2365205
9708,0,0,2055,514
971,2,1194,9400462,2350116
9711,2,1202,9458099,2364525
9712,3,1202,9458099,2364525
972,0,0,1222,306
9721,0,0,1670,418
9722,0,0,1353,339
9801,3,1194,9400462,2350116
9802,4,1194,9400462,2350116
9803,2,1194,9400462,2350116
9804,0,0,1158,290
9805,0,0,1158,290
9806,0,0,1158,290
981,0,0,1218,305
9811,0,0,5559,1390
9812,2,1195,9430941,2357736
9813,0,0,4905,1227
9815,0,0,2301,576
9816,2,1194,9400462,2350116
9817,1,1194,9400462,2350116
9818,0,0,5177,1295
9819,0,0,1727,432
982,2,1195,9404156,2351039
9820,1,1195,9407912,2351978
9822,0,0,4055,1014
9823,0,0,2945,737
9824,0,0,4216,1054
9825,0,0,4289,1073
9826,3,1194,9400462,2350116
9831,7,1194,9400462,2350116
9832,5,1194,9400462,2350116
9833,0,0,1492,373
9834,1,1195,9400625,2350157
985,1,1194,9400462,2350116
986,3,1194,9400462,2350116
987,0,0,2084,521
988,13,1194,9400462,2350116
989,4,1194,9400462,2350116
991,1,1195,9400703,2350176
992,7,1194,9400462,2350116
993,7,1194,9400462,2350116
994,1,1195,9402587,2350647
995,16,1194,9400462,2350116
996,4,1194,9400462,2350116
997,0,0,1616,404
999,7,1194,9400462,2350116
