sample_index,source_section,target_section,label,note,occurrence_count,contexts
1,6694,7421,valid,,1,"ecuted until the final resolution of a proceeding begun as provided in paragraph (2). Notwithstanding the provisions of section 7421(a), the beginning of such proceeding or levy during the time such prohibition is in force may be enjoined by a proceeding in the proper court. Nothing in this paragraph shall be construed to prohibit any counterclaim for t"
2,684,671,valid,,1,"transfer to a trust by a United States person to the extent that any person is treated as the owner of such trust under section 671. (c) Treatment of trusts which become foreign trusts If a trust which is not a foreign trust becomes a foreign trust, such trust shall be treated for purposes of this section as having transferred, immediately before be"
3,565,561,valid,,1,"ent, the amount so specified shall, except as provided in subsection (b), constitute a consent dividend for purposes of section 561 (relating to the deduction for dividends paid). (b) Limitations A consent dividend shall not include— (1) an amount specified in a consent which, if distributed in money, would constitute, or be part of, a distribution "
4,1411,1401,valid,,1,"de any item taken into account in determining self-employment income for such taxable year on which a tax is imposed by section 1401(b). (d) Modified adjusted gross income For purposes of this chapter, the term “modified adjusted gross income” means adjusted gross income increased by the excess of— (1) the amount excluded from gross income under section"
5,1274A,1,valid,,1,"l be increased by an amount equal to— (A) such amount, multiplied by (B) the cost-of-living adjustment determined under section 1(f)(3) for the calendar year in which the taxable year begins, by substituting “calendar year 1988” for “calendar year 2016” in subparagraph (A)(ii) thereof. Any increase under the preceding sentence shall be rounded to the ne"
6,408A,402A,valid,,1,h IRA or a qualified rollover contribution from a designated Roth account which is a rollover contribution described in section 402A(c)(3)(A). (C) Conversions The conversion of an individual retirement plan (other than a Roth IRA) to a Roth IRA shall be treated for purposes of this paragraph as a distribution to which this paragraph applies. (D) Additional re
7,6428A,1315,invalid,"title 38, United States Code",1," pension payment payable under— (I) section 1110, 1117, 1121, 1131, 1141, or 1151 of title 38, United States Code, (II) section 1310, 1312, 1313, 1315, 1316, or 1318 of title 38, United States Code, (III) section 1513, 1521, 1533, 1536, 1537, 1541, 1542, or 1562 of title 38, United States Code, or (IV) section 1805, 1815, or 1821 of title 38, United States Code, to a veteran, surviv"
8,250,907,valid,,1,"on income For purposes of subparagraph (A), the term “domestic oil and gas extraction income” means income described in section 907(c)(1), determined by substituting “within the United States” for “without the United States”. (c) Regulations The Secretary shall prescribe such regulations or other guidance as may be necessary or appropriate to carry out th"
9,42,142,valid,,5,"nimum requirements of this subparagraph if 40 percent or more (25 percent or more in the case of a project described in section 142(d)(6)) of the residential units in such project are both rent-restricted and occupied by individuals whose income does not exceed the imputed income limitation designated by the taxpayer with respect to the respective unit. (
---
ect to which a credit is allowable by reason of this section and for which financing is provided by a bond described in section 142(a)(7), the imputed income limitation shall apply in lieu of the otherwise applicable income limitation for purposes of applying section 142(d)(4)(B)(ii). (D) Treatment of units occupied by individuals whose incomes rise above
---
he imputed income limitation shall apply in lieu of the otherwise applicable income limitation for purposes of applying section 142(d)(4)(B)(ii). (D) Treatment of units occupied by individuals whose incomes rise above limit (i) In general Except as provided in clauses (ii), (iii), and (iv), notwithstanding an increase in the income of the occupants of a low-inco
---
me exceeds the limitation described in clause (v). (iv) Deep rent skewed projects In the case of a project described in section 142(d)(4)(B), clause (ii) or (iii), whichever is applicable, shall be applied by substituting “170 percent” for “140 percent”, and— (I) in the case of clause (ii), by substituting “any low-income unit in the building is occupied by
---
 (4) Certain rules made applicable Paragraphs (2) (other than subparagraph (A) thereof), (3), (4), (5), (6), and (7) of section 142(d), and section 6652(j), shall apply for purposes of determining whether any project is a qualified low-income housing project and whether any unit is a low-income unit; except that, in applying such provisions for such purposes, the term “gro"
10,9704,9703,valid,,3,"termined, which the Combined Fund will be required to pay during the plan year for death benefits coverage described in section 9703(c). (d) Unassigned beneficiaries premium (1) Plan years ending on or before September 30, 2006 For plan years ending on or before September 30, 2006 , the unassigned beneficiaries premium for any assigned operator shall be
---
d to such account for the plan year, but such excess shall only be available for purposes of the carryover described in section 9703(b)(2)(C)(ii) (relating to carryovers of premiums not used to provide benefits), or (ii) interest credited under paragraph (2)(B) for the plan year or any preceding plan year. (C) No authority for increased payments Nothing in this p
---
agraph shall be construed to allow expenditures for health care benefits for any plan year in excess of the limit under section 9703(b)(2). (f) Applicable percentage For purposes of this section— (1) In general The term “applicable percentage” means, with respect to any assigned operator, the percentage determined by dividing the number of eligible benefic"
11,172,401,valid,,1,extent attributable to contributions which are made on behalf of an individual who is an employee within the meaning of section 401(c)(1) shall not be treated as attributable to the trade or business of such individual. (5) Computation of deduction for dividends received The deductions allowed by sections 243 (relating to dividends received by corporation
12,7210,7603,valid,,1," to appear to testify, or to appear and produce books, accounts, records, memoranda, or other papers, as required under sections 6420(e)(2), 6421(g)(2), 6427(j)(2), 7602, 7603, and 7604(b), neglects to appear or to produce such books, accounts, records, memoranda, or other papers, shall, upon conviction thereof, be fined not more than $1,000, or imprisoned not more than 1 year, or both, together with cost"
13,1291,78,valid,,1,"investment company— (A) the amount of such distribution shall be determined for purposes of this section with regard to section 78, (B) the excess distribution taxes shall be allocated ratably to each day in the taxpayer’s holding period for the stock, and (C) to the extent— (i) that such excess distribution taxes are allocated to a taxable year re"
14,291,614,valid,,1," (including lignite), the amount allowable as a deduction under section 613 with respect to any property (as defined in section 614) shall be reduced by 20 percent of the amount of the excess (if any) of— (A) the amount of the deduction allowable under section 613 for the taxable year (determined without regard to this paragraph), over (B) the adjus"
15,1234A,1256,valid,,2,") with respect to property which is (or on acquisition would be) a capital asset in the hands of the taxpayer, or (2) a section 1256 contract (as defined in section 1256) not described in paragraph (1) which is a capital asset in the hands of the taxpayer, shall be treated as gain or loss from the sale of a capital asset. The preceding sentence shall
---
or on acquisition would be) a capital asset in the hands of the taxpayer, or (2) a section 1256 contract (as defined in section 1256) not described in paragraph (1) which is a capital asset in the hands of the taxpayer, shall be treated as gain or loss from the sale of a capital asset. The preceding sentence shall not apply to the retirement of any d"
16,420,433,valid,,2,"r qualified current retiree liabilities based on premiums for applicable life insurance benefits. (5) Coordination with sections 430 and 433 In the case of a qualified transfer, any assets so transferred shall not, for purposes of this section and sections 430 and 433, be treated as assets in the plan. (6) Application to multiemployer plans In the case of a
---
 430 and 433 In the case of a qualified transfer, any assets so transferred shall not, for purposes of this section and sections 430 and 433, be treated as assets in the plan. (6) Application to multiemployer plans In the case of a multiemployer plan, this section shall be applied to any such plan— (A) by treating any reference in this section to an employer"
17,1293,11,valid,,1,"fective rate of income tax imposed by a foreign country greater than 90 percent of the maximum rate of tax specified in section 11, or (ii) such income is— (I) from sources within the United States, (II) effectively connected with the conduct by the qualified electing fund of a trade or business in the United States, and (III) not exempt from taxat"
18,3121,4985,valid,,2,"y to any excess parachute payment (as defined in section 280G(b)) or to any specified stock compensation (as defined in section 4985) on which tax is imposed by section 4985. (B) Taxed only once Any amount taken into account as wages by reason of subparagraph (A) (and the income attributable thereto) shall not thereafter be treated as wages for purpo
---
ined in section 280G(b)) or to any specified stock compensation (as defined in section 4985) on which tax is imposed by section 4985. (B) Taxed only once Any amount taken into account as wages by reason of subparagraph (A) (and the income attributable thereto) shall not thereafter be treated as wages for purposes of this chapter. (C) Nonqualified def"
19,2106,6018,valid,,1, a nonresident not a citizen of the United States unless the executor includes in the return required to be filed under section 6018 the value at the time of his death of that part of the gross estate of such nonresident not situated in the United States.
20,543,3,invalid,Securities and Exchange Act of 1934,1,"oyalties (within the meaning of subsection (d)), and (E) interest received by a broker or dealer (within the meaning of section 3(a)(4) or (5) of the Securities and Exchange Act of 1934) in connection with— (i) any securities or money market instruments held as property described in section 1221(a)(1), (ii) margin accounts, or (iii) any financing for a "
21,7436,6213,valid,,1,"rictions on assessment and collection pending action, etc. The principles of subsections (a), (b), (c), (d), and (f) of section 6213, section 6214(a), section 6215, section 6503(a), section 6512, and section 7481 shall apply to proceedings brought under this section in the same manner as if the Secretary’s determination described in subsection (a) were a notice of deficiency. (2) Awarding of costs and certain fees Section 7430 s"
22,6038B,361,valid,,1,"general Each United States person who— (1) transfers property to— (A) a foreign corporation in an exchange described in section 332, 351, 354, 355, 356, or 361, or (B) a foreign partnership in a contribution described in section 721 or in any other contribution described in regulations prescribed by the Secretary, or (2) makes a distribution described in section 336 to a perso"
23,882,906,valid,,2," source or the credit provided by section 34 for certain uses of gasoline. (3) Foreign tax credit Except as provided by section 906, foreign corporations shall not be allowed the credit against the tax for taxes of foreign countries and possessions of the United States allowed by section 901. (4) Cross reference For rule that certain foreign taxes a
---
 reference For rule that certain foreign taxes are not to be taken into account in determining deduction or credit, see section 906(b)(1). (d) Election to treat real property income as income connected with United States business (1) In general A foreign corporation which during the taxable year derives any income— (A) from real property located in the Un"
24,351,357,valid,,1,"s of this title. (h) Cross references (1) For special rule where another party to the exchange assumes a liability, see section 357. (2) For the basis of stock or property received in an exchange to which this section applies, see sections 358 and 362. (3) For special rule in the case of an exchange described in this section but which results in a g"
25,219,402,valid,,1,"ntributed amounts No deduction shall be allowed under this section with respect to a rollover contribution described in section 402(c), 403(a)(4), 403(b)(8), 408(d)(3), or 457(e)(16). (3) Amounts contributed under endowment contract In the case of an endowment contract described in section 408(b), no deduction shall be allowed under this section for that portion of the amounts paid under the contrac"
26,885,864,valid,,1,"applicable in determining whether any foreign corporation is engaged in trade or business within the United States, see section 864(b). (3) For adjustment of tax in case of corporations of certain foreign countries, see section 896. (4) For allowance of credit against the tax in case of a foreign corporation having income effectively connected with the"
27,2043,2516,valid,,1,"ting to expenses, indebtedness, and taxes), a transfer of property which satisfies the requirements of paragraph (1) of section 2516 (relating to certain property settlements) shall be considered to be made for an adequate and full consideration in money or money’s worth. "
28,529A,152,valid,,2,"respect to any designated beneficiary, an individual who bears a relationship to such beneficiary which is described in section 152(d)(2)(B). For purposes of the preceding sentence, a rule similar to the rule of section 152(f)(1)(B) shall apply. (5) Qualified disability expenses The term “qualified disability expenses” means any expenses related to the eligi
---
ciary which is described in section 152(d)(2)(B). For purposes of the preceding sentence, a rule similar to the rule of section 152(f)(1)(B) shall apply. (5) Qualified disability expenses The term “qualified disability expenses” means any expenses related to the eligible individual’s blindness or disability which are made for the benefit of an eligible indiv"
29,6404,6213,valid,,2," of an assessment of any tax imposed by chapter 1 attributable in whole or in part to a mathematical error described in section 6213(g)(2)(A), if the return was prepared by an officer or employee of the Internal Revenue Service acting in his official capacity to provide assistance to taxpayers in the preparation of income tax returns, the Secretary is authori
---
ys after the date described in subparagraph (A)(i). (2) Special rules (A) Date of mailing Rules similar to the rules of section 6213 shall apply for purposes of determining the date of the mailing referred to in paragraph (1). (B) Relief Rules similar to the rules of section 6512(b) shall apply for purposes of this subsection. (C) Review An order of "
30,2058,2001,valid,,1,"§ 2058. State death taxes (a) Allowance of deduction For purposes of the tax imposed by section 2001, the value of the taxable estate shall be determined by deducting from the value of the gross estate the amount of any estate, inheritance, legacy, or succession taxes actually paid to any State or the District of Colum"
31,22,86,valid,,1,"workmen’s compensation benefits For purposes of subparagraph (A), any amount treated as a social security benefit under section 86(d)(3) shall be treated as a disability benefit received under title II of the Social Security Act. (d) Adjusted gross income limitation If the adjusted gross income of the taxpayer exceeds— (1) $7,500 in the case of a single "
32,224,931,valid,,1,"the adjusted gross income of the taxpayer for the taxable year increased by any amount excluded from gross income under section 911, 931, or 933. (c) Tips received in course of trade or business In the case of qualified tips received by an individual during any taxable year in the course of a trade or business (other than the trade or business of performing serv"
33,368,355,valid,,4,"ecurities of the corporation to which the assets are transferred are distributed in a transaction which qualifies under section 354, 355, or 356; (E) a recapitalization; (F) a mere change in identity, form, or place of organization of one corporation, however effected; or (G) a transfer by a corporation of all or part of its assets to another corporation in a ti
---
ecurities of the corporation to which the assets are transferred are distributed in a transaction which qualifies under section 354, 355, or 356. (2) Special rules relating to paragraph (1) (A) Reorganizations described in both paragraph (1)(C) and paragraph (1)(D) If a transaction is described in both paragraph (1)(C) and paragraph (1)(D), then, for purposes of
---
ning given such term by section 304(c), and (ii) in the case of a transaction with respect to which the requirements of section 355 (or so much of section 356 as relates to section 355) are met, the fact that the shareholders of the distributing corporation dispose of part or all of the distributed stock, or the fact that the corporation whose stock
---
he case of a transaction with respect to which the requirements of section 355 (or so much of section 356 as relates to section 355) are met, the fact that the shareholders of the distributing corporation dispose of part or all of the distributed stock, or the fact that the corporation whose stock was distributed issues additional stock, shall not b"
34,7601,7212,valid,,1,"plicable to forcible obstruction or hindrance of Treasury officers or employees in the performance of their duties, see section 7212. "
35,542,541,valid,,1,"tion 368(a)(3)(A)) unless a major purpose of instituting or continuing such case is the avoidance of the tax imposed by section 541. (d) Special rules for applying subsection (c)(6) (1) Lending or finance business defined (A) In general Except as provided in subparagraph (B), for purposes of subsection (c)(6), the term “lending or finance business” "
36,411,403,valid,,1,"le thereto). For purposes of this subparagraph, the term “rollover contributions” means any rollover contribution under sections 402(c), 403(a)(4), 403(b)(8), 408(d)(3)(A)(ii), and 457(e)(16). [(12) Repealed. Pub. L. 109–280, title IX, § 904(a)(2) , Aug. 17, 2006 , 120 Stat. 1049 ] (13) Special rules for plans computing accrued benefits by reference to hypothetical account balance or equivalent amounts (A) I"
37,2801,2523,valid,,1," to spouse or charity Such term shall not include any property with respect to which a deduction would be allowed under section 2055, 2056, 2522, or 2523, whichever is appropriate, if the decedent or donor were a United States person. (4) Transfers in trust (A) Domestic trusts In the case of a covered gift or bequest made to a domestic trust— (i) subsection (a) shall app"
38,6416,4221,valid,,1,"rtation of blood; (F) in the case of any tire taxable under section 4071(a), sold to any person for use as described in section 4221(e)(3); or (G) in the case of gasoline, used or sold for use in the production of special fuels referred to in section 4041. Subparagraphs (C), (D), and (E) shall not apply in the case of any tax paid under section 4064. In th"
39,38,5011,valid,,1," oil and gas well production credit determined under section 45I(a), (20) the distilled spirits credit determined under section 5011(a), (21) the advanced nuclear power facility production credit determined under section 45J(a), (22) the nonconventional source production credit determined under section 45K(a), (23) the new energy efficient home credit d"
40,384,382,valid,,1,"n loss”, “recognition period”, and “recognition period taxable year”, have the same respective meanings as when used in section 382(h), except that the acquisition date shall be taken into account in lieu of the change date. (d) Limitation also to apply to excess credits or net capital losses Rules similar to the rules of subsection (a) shall also appl"
41,1396,51,valid,,3,") In general The term “qualified zone wages” shall not include wages taken into account in determining the credit under section 51. (B) Coordination with paragraph (2) The $15,000 amount in paragraph (2) shall be reduced for any calendar year by the amount of wages paid or incurred during such year which are taken into account in determining the cr
---
r by the amount of wages paid or incurred during such year which are taken into account in determining the credit under section 51. (d) Qualified zone employee For purposes of this section— (1) In general Except as otherwise provided in this subsection, the term “qualified zone employee” means, with respect to any period, any employee of an employe
---
 The term “qualified zone employee” shall not include— (A) any individual described in subparagraph (A), (B), or (C) of section 51(i)(1), (B) any 5-percent owner (as defined in section 416(i)(1)(B)), (C) any individual employed by the employer for less than 90 days, (D) any individual employed by the employer at any facility described in section 144(c)(6"
42,681,508,valid,,1," Cross reference For disallowance of certain charitable, etc., deductions otherwise allowable under section 642(c), see sections 508(d) and 4948(c)(4). "
43,818,403,valid,,2,"2) entered into under plans which (as of the time the contracts were entered into) were deemed to be plans described in section 403(a), or plans meeting the requirements of paragraphs (3), (4), (5), and (6) of section 165(a) of the Internal Revenue Code of 1939; (3) provided for employees of the life insurance company under a plan which, for the taxabl
---
orresponding provisions of prior revenue laws), or purchased to provide retirement annuities for employees described in section 403(b)(1)(A)(ii) by an employer which is a State, a political subdivision of a State, or an agency or instrumentality of any one or more of the foregoing; (5) entered into with trusts which (at the time the contracts were entered into) "
44,965,7874,valid,,3,"riated entity For purposes of this subsection, the term “expatriated entity” has the same meaning given such term under section 7874(a)(2), except that such term shall not include an entity if the surrogate foreign corporation with respect to the entity is treated as a domestic corporation under section 7874(b). (3) Surrogate foreign corporation For purpos
---
de an entity if the surrogate foreign corporation with respect to the entity is treated as a domestic corporation under section 7874(b). (3) Surrogate foreign corporation For purposes of this subsection, the term “surrogate foreign corporation” has the meaning given such term in section 7874(a)(2)(B). (m) Special rules for United States shareholders whi
---
orporation For purposes of this subsection, the term “surrogate foreign corporation” has the meaning given such term in section 7874(a)(2)(B). (m) Special rules for United States shareholders which are real estate investment trusts (1) In general If a real estate investment trust is a United States shareholder in 1 or more deferred foreign income corporations"
45,5392,5385,valid,,1,"tened natural wine, special natural wine, and standard agricultural wine, produced in accordance with the provisions of sections 5381, 5385, 5386, and 5387, respectively. (b) Heavy bodied blending wine For purposes of this subchapter the term “heavy bodied blending wine” means wine made from fruit without added sugar, and with or without added wine spirits, and conforming "
46,45T,4972,valid,,1,igible automatic contribution arrangement (as defined in section 414(w)(3)) in a qualified employer plan (as defined in section 4972(d)) sponsored by the employer. (2) Maintenance of arrangement No taxable year with respect to an employer shall be treated as occurring within the credit period unless the arrangement described in paragraph (1) is included
47,7518,531,valid,,1," without regard to this section and chapter 535 of title 46, United States Code, and (E) in applying the tax imposed by section 531 (relating to the accumulated earnings tax), amounts while held in the fund shall not be taken into account. (2) Only qualified deposits eligible for treatment Paragraph (1) shall apply with respect to any amount only if"
48,904,6724,valid,,1,ment furnished to such individual. (C) Payee statement The term “payee statement” has the meaning given to such term by section 6724(d)(2). (D) Estates and trusts not eligible This subsection shall not apply to any estate or trust. (k) Cross references For increase of limitation under subsection (a) for taxes paid with respect to amounts received which wer
49,6702,6159,valid,,1,", or (II) section 6330 (relating to notice and opportunity for hearing before levy), and (ii) an application under— (I) section 6159 (relating to agreements for payment of tax liability in installments), (II) section 7122 (relating to compromises), or (III) section 7811 (relating to taxpayer assistance orders). (3) Opportunity to withdraw submission "
50,170,4043,invalid,"title 18, United States Code",1,"orney General for credit to the “Commissary Funds Federal Prisons” as gifts to or for the use of the United States, see section 4043 of title 18 , United States Code. (9) For charitable contributions to or for the use of Indian tribal governments (or their subdivisions), see section 7871. "
51,4941,501,valid,,2,"termined without regard to section 7872) and if the proceeds of the loan are used exclusively for purposes specified in section 501(c)(3); (C) the furnishing of goods, services, or facilities by a disqualified person to a private foundation shall not be an act of self-dealing if the furnishing is without charge and if the goods, services, or facilities so
---
is without charge and if the goods, services, or facilities so furnished are used exclusively for purposes specified in section 501(c)(3); (D) the furnishing of goods, services, or facilities by a private foundation to a disqualified person shall not be an act of self-dealing if such furnishing is made on a basis no more favorable than that on which such "
52,263,193,valid,,1,"o deduct under section 190, (F) expenditures for tertiary injectants with respect to which a deduction is allowed under section 193, (G) expenditures for which a deduction is allowed under section 179, (H) expenditures for which a deduction is allowed under section 179B, (I) expenditures for which a deduction is allowed under section 179C, (J) expen"
53,509,511,valid,,2,"f the amount of the unrelated business taxable income (as defined in section 512) over the amount of the tax imposed by section 511; (3) an organization which— (A) is organized, and at all times thereafter is operated, exclusively for the benefit of, to perform the functions of, or to carry out the purposes of one or more specified organizations des
---
(a)(5)), rents, and royalties, but not including any such income to the extent included in computing the tax imposed by section 511. Such term shall also include income from sources similar to those in the preceding sentence. (f) Requirements for supporting organizations (1) Type III supporting organizations For purposes of subsection (a)(3)(B)(iii)"
54,877A,72,valid,,1,"section 877(e)(2). (6) Early distribution tax The term “early distribution tax” means any increase in tax imposed under section 72(t), 220(f)(4), 223(f)(4), 409A(a)(1)(B), 529(c)(6), 529A(c)(3), or 530(d)(4). (h) Other rules (1) Termination of deferrals, etc. In the case of any covered expatriate, notwithstanding any other provision of this title— (A) any time period for acquiring property which would result in the reductio"
55,267,1041,valid,,2,"ance of losses under this section, deferral under paragraph (2) shall be treated as disallowance. (g) Coordination with section 1041 Subsection (a)(1) shall not apply to any transfer described in section 1041(a) (relating to transfers of property between spouses or incident to divorce).
---
ated as disallowance. (g) Coordination with section 1041 Subsection (a)(1) shall not apply to any transfer described in section 1041(a) (relating to transfers of property between spouses or incident to divorce). "
56,45W,30B,valid,,1,"al source of electricity, or (B) is a motor vehicle which satisfies the requirements under subparagraphs (A) and (B) of section 30B(b)(3), and (4) is of a character subject to the allowance for depreciation. (d) Special rules (1) In general Rules similar to the rules under subsection (f) of section 30D (without regard to paragraph (10) or (11) thereof) sh"
57,7409,7402,valid,,1,t in which it has made political expenditures. The court may exercise its jurisdiction over such action (as provided in section 7402(a)) separate and apart from any other action brought by the United States against such organization. (2) Requirements An action may be brought under subsection (a) only if— (A) the Internal Revenue Service has notified the
58,6214,7463,valid,,1," Court (a) Jurisdiction as to increase of deficiency, additional amounts, or additions to the tax Except as provided by section 7463, the Tax Court shall have jurisdiction to redetermine the correct amount of the deficiency even if the amount so redetermined is greater than the amount of the deficiency, notice of which has been mailed to the taxpayer"
59,6432,6656,valid,,1,"of the most recent payroll period in the quarter. (C) Treatment of deposits The Secretary shall waive any penalty under section 6656 for any failure to make a deposit of the tax imposed by section 3111(b), or so much of the taxes imposed under section 3221(a) as are attributable to the rate in effect under section 3111(b), if the Secretary determines"
60,7871,403,valid,,1," or their political subdivisions); (6) for purposes of— (A) section 105(e) (relating to accident and health plans), (B) section 403(b)(1)(A)(ii) (relating to the taxation of contributions of certain employers for employee annuities), and (C) section 454(b)(2) (relating to discount obligations); and (7) for purposes of— (A) chapter 41 (relating to tax on excess e"
61,170,197,valid,,1,"1221(a)(3) or 1231(b)(1)(C)), trademark, trade name, trade secret, know-how, software (other than software described in section 197(e)(3)(A)(i)), or similar property, or applications or registrations of such property, or (iv) of any taxidermy property which is contributed by the person who prepared, stuffed, or mounted the property or by any person who paid or "
62,5010,5114,valid,,1,"raph (B), the term “flavors content” means alcohol derived from flavors of a type for which drawback is allowable under section 5114. (B) Exceptions The term “flavors content” does not include— (i) alcohol derived from flavors made at a distilled spirits plant, (ii) alcohol derived from flavors distilled at a distilled spirits plant, and (iii) in the"
63,6342,6332,valid,,1,"Collection of liability Any money realized by proceedings under this subchapter (whether by seizure, by surrender under section 6332 (except pursuant to subsection (d)(2) thereof), or by sale of seized property) or by sale of property redeemed by the United States (if the interest of the United States in such property was a lien arising under the pro"
64,851,959,valid,,1,"s amounts included in gross income under section 951(a)(1)(A) or 1293(a) for the taxable year to the extent that, under section 959(a)(1) or 1293(c) (as the case may be), there is a distribution out of the earnings and profits of the taxable year which are attributable to the amounts so included. For purposes of paragraph (2), the Secretary may by regulation exclude"
65,2624,2032,valid,,2,"perty for purposes of this chapter shall be the same as its value for purposes of chapter 11 (determined with regard to sections 2032 and 2032A). (c) Alternate valuation election permitted in the case of taxable terminations occurring at death If 1 or more taxable terminations with respect to the same trust occur at the same time as and as a result of the death
---
of an individual, an election may be made to value all of the property included in such terminations in accordance with section 2032. (d) Reduction for consideration provided by trans­feree For purposes of this chapter, the value of the property transferred shall be reduced by the amount of any consideration provided by the transferee. "
66,62,219,valid,,1,"the meaning of section 401(c)(1), the deduction allowed by section 404. (7) Retirement savings The deduction allowed by section 219 (relating to deduction of certain retirement savings). [(8) Repealed. Pub. L. 104–188, title I, § 1401(b)(4) , Aug. 20, 1996 , 110 Stat. 1788 ] (9) Penalties forfeited because of premature withdrawal of funds from time "
67,7203,6050I,valid,,1," to tax under section 6654 or 6655 with respect to such failure. In the case of a willful violation of any provision of section 6050I, the first sentence of this section shall be applied by substituting “felony” for “misdemeanor” and “5 years” for “1 year”. "
68,1248,959,valid,,2,"but only to the extent the inclusion of such amount did not result in an exclusion of an amount from gross income under section 959. [(2) Repealed. Pub. L. 100–647, title I, § 1006(e)(14)(A) , Nov. 10, 1988 , 102 Stat. 3402 ] (3) Less developed country corporations under prior law Earnings and profits of a foreign corporation which were accumulated
---
or provision excluding amounts previously taxed under this section from gross income when subsequently distributed, see section 959(e). "
69,877A,871,valid,,1,B) Application of tax Any item subject to the withholding tax imposed under paragraph (1) shall be subject to tax under section 871. (C) Coordination with other withholding requirements Any item subject to withholding under paragraph (1) shall not be subject to withholding under section 1441 or chapter 24. (e) Treatment of specified tax deferred acc
70,108,368,valid,,1,"C) Stock of parent corporation For purposes of this paragraph, stock of a corporation in control (within the meaning of section 368(c)) of the debtor corporation shall be treated as stock of the debtor corporation. (D) Treatment of successor corporation For purposes of this paragraph, the term “debtor corporation” includes a successor corporation. (E) "
71,401,417,valid,,6,"ent survivor annuity.— (A) In general .— In the case of any plan to which this paragraph applies, except as provided in section 417, a trust forming part of such plan shall not constitute a qualified trust under this section unless— (i) in the case of a vested participant who does not die before the annuity starting date, the accrued benefit payable
---
t’s surviving spouse (or, if there is no surviving spouse or the surviving spouse consents in the manner required under section 417(a)(2), to a designated beneficiary), (II) such participant does not elect a payment of benefits in the form of a life annuity, and (III) with respect to such participant, such plan is not a direct or indirect transferee (in a
---
ve the requirements of this paragraph, and (ii) other definitions and special rules for purposes of this paragraph, see section 417. (12) A trust shall not constitute a qualified trust under this section unless the plan of which such trust is a part provides that in the case of any merger or consolidation with, or transfer of assets or liabilities t
---
the satisfaction of a plan representative that such consent may not be obtained by reason of circumstances described in section 417(a)(2)(B)), or an election to waive the right of the spouse to either a qualified joint and survivor annuity or a qualified preretirement survivor annuity is in effect in accordance with the requirements of section 417(a), (II) s
---
 and survivor annuity or a qualified preretirement survivor annuity is in effect in accordance with the requirements of section 417(a), (II) such spouse is ordered or required in such judgment, order, decree, or settlement to pay an amount to the plan in connection with a violation of part 4 of such subtitle, or (III) in such judgment, order, decree, o
---
 in the last sentence of section 411(a)(9)), to a participant or beneficiary whose annuity starting date (as defined in section 417(f)(2)) occurs during the period referred to in subparagraph (A), (ii) any payment for the purchase of an irrevocable commitment from an insurer to pay benefits, and (iii) any other payment specified by the Secretary by regula"
72,163,172,valid,,1,"ess, (ii) any business interest or business interest income, (iii) the amount of any net operating loss deduction under section 172, (iv) the amount of any deduction allowed under section 199A, (v) any deduction allowable for depreciation, amortization, or depletion, and (vi) the amounts included in gross income under sections 951(a), 951A(a), and 7"
73,871,891,valid,,1,"patriate United States citizens, see section 877. (3) For doubling of tax on citizens of certain foreign countries, see section 891. (4) For adjustment of tax in case of nationals or residents of certain foreign countries, see section 896. (5) For withholding of tax at source on nonresident alien individuals, see section 1441. (6) For election to tr"
74,1351,38,valid,,1,"prescribed by the Secretary, in— (1) the credit under section 27 (relating to foreign tax credit), (2) the credit under section 38 (relating to general business credit), (3) the net operating loss deduction under section 172, (4) the capital loss carryover under section 1212(a), and (5) such other items as may be specified by such regulations, for "
75,7479,6532,valid,,1,"iled before the 91st day after the date of such mailing. (c) Extension of time to file refund suit The 2-year period in section 6532(a)(1) for filing suit for refund after disallowance of a claim shall be suspended during the 90-day period after the mailing of the notice referred to in subsection (b)(3) and, if a pleading has been filed with the Tax Court "
76,163,6163,valid,,1,"tax imposed by section 2001 for the period during which an extension of time for payment of such tax is in effect under section 6163, and (F) any interest allowable as a deduction under section 221 (relating to interest on educational loans). (3) Qualified residence interest For purposes of this subsection— (A) In general The term “qualified residenc"
77,149,141,valid,,1,"all not include any bond if— (i) section 146 applies to the issue of which such bond is a part (other than by reason of section 141(b)(5)) or would apply but for section 146(i), or (ii) section 143( l )(3) applies to such issue. (7) Definition of loan; treatment of mixed use issues (A) Loan For purposes of this subsection, the term “loan” does not include"
78,6040,905,valid,,1,"erefor, see section 2204. (3) For the notice required of taxpayers for redetermination of taxes claimed as credits, see sections 905(c) and 2016. (4) For exemption certificates required to be furnished to employers by employees, see section 3402(f)(2), (3), (4), and (5). (5) For receipts, constituting information returns, required to be furnished to employees, s"
79,856,501,valid,,1,"ses of this paragraph, the term “qualified trust” means any trust described in section 401(a) and exempt from tax under section 501(a). (i) Treatment of certain wholly owned subsidiaries (1) In general For purposes of this title— (A) a corporation which is a qualified REIT subsidiary shall not be treated as a separate corporation, and (B) all assets, l"
80,45G,38,valid,,1,"§ 45G. Railroad track maintenance credit (a) General rule For purposes of section 38, the railroad track maintenance credit determined under this section for the taxable year is an amount equal to 40 percent (50 percent in the case of any taxable year beginning before January 1, 2023 ) of the qualified "
81,6081,7508A,valid,,1,"ason of war, see section 7508, and by reason of Presidentially declared disaster or terroristic or military action, see section 7508A. "
82,6611,6621,valid,,1," allowed and paid upon any overpayment in respect of any internal revenue tax at the overpayment rate established under section 6621. (b) Period Such interest shall be allowed and paid as follows: (1) Credits In the case of a credit, from the date of the overpayment to the due date of the amount against which the credit is taken. (2) Refunds In the c"
83,1245,332,valid,,1," of a transferee is determined by reference to its basis in the hands of the transferor by reason of the application of section 332, 351, 361, 721, or 731, then the amount of gain taken into account by the transferor under subsection (a)(1) shall not exceed the amount of gain recognized to the transferor on the transfer of such property (determined without regard to this "
84,6901,6324,valid,,1,"s donee, heir, legatee, devisee, and distributee, and with respect to estate taxes, also includes any person who, under section 6324(a)(2), is personally liable for any part of such tax. (i) Extension of time For extensions of time by reason of armed service in a combat zone, see section 7508. "
85,1503,50,valid,,1,"sis for purposes of computing earnings and profits, and (B) in the case of any property, for any basis adjustment under section 50(c). (4) Elimination of election to reduce basis of indebtedness Nothing in the regulations prescribed under section 1502 shall permit any reduction in the amount otherwise included in gross income by reason of an excess lo"
86,4105,4101,valid,,1," means a transaction, other than a sale, in which taxable fuel is transferred from a delivering person registered under section 4101 as a taxable fuel registrant to a receiving person who is so registered where all of the following occur: (1) The transaction includes a transfer from the delivering person, who holds the inventory position for taxable "
87,2044,2519,valid,,1,"ion 2056 by reason of subsection (b)(7) thereof, or (B) under section 2523 by reason of subsection (f) thereof, and (2) section 2519 (relating to dispositions of certain life estates) did not apply with respect to a disposition by the decedent of part or all of such property. (c) Property treated as having passed from decedent For purposes of this ch"
88,535,241,valid,,1,"ductions disallowed The special deductions for corporations provided in part VIII (except section 248) of subchapter B (section 241 and following, relating to the deduction for dividends received by corporations, etc.) shall not be allowed. (4) Net operating loss The net operating loss deduction provided in section 172 shall not be allowed. (5) Capi"
89,312,302,valid,,1,"ntage of completion method of accounting. (7) Redemptions If a corporation distributes amounts in a redemption to which section 302(a) or 303 applies, the part of such distribution which is properly chargeable to earnings and profits shall be an amount which is not in excess of the ratable share of the earnings and profits of such corporation accumulated afte"
90,6658,6655,valid,,1,"§ 6658. Coordination with title 11 (a) Certain failures to pay tax No addition to the tax shall be made under section 6651, 6654, or 6655 for failure to make timely payment of tax with respect to a period during which a case is pending under title 11 of the United States Code— (1) if such tax was incurred by the estate and the failure occurred pursuant to"
91,162,152,valid,,1," care for— (A) the taxpayer, (B) the taxpayer’s spouse, (C) the taxpayer’s dependents, and (D) any child (as defined in section 152(f)(1)) of the taxpayer who as of the end of the taxable year has not attained age 27. (2) Limitations (A) Dollar amount No deduction shall be allowed under paragraph (1) to the extent that the amount of such deduction exceeds"
92,5061,5043,valid,,1,"irits, wines, and beer under— (1) section 5001(a)(4), (5), or (6), (2) section 5006(c) or (d), (3) section 5041(f), (4) section 5043(a)(3), (5) section 5054(a)(3) or (4), or (6) section 5505(a), shall be immediately due and payable at the time provided by such provisions (or if no specific time for payment is provided, at the time the event referred to in "
93,5761,6665,valid,,2," physical presence of the buyer when the buyer obtains personal possession of the tobacco product. (e) Applicability of section 6665 The penalties imposed by subsections (b) and (c) shall be assessed, collected, and paid in the same manner as taxes, as provided in section 6665(a). (f) Cross references For penalty for failure to make deposits or for o
---
s imposed by subsections (b) and (c) shall be assessed, collected, and paid in the same manner as taxes, as provided in section 6665(a). (f) Cross references For penalty for failure to make deposits or for over­statement of deposits, see section 6656. "
94,5314,5214,valid,,4,"ommonwealth of Puerto Rico, for the enactment of a law. (2) In general Distilled spirits for the purposes authorized in section 5214(a)(2) and (3), denatured distilled spirits, and articles, as described in this paragraph, produced or manufactured in Puerto Rico, may be brought into the United States free of any tax imposed by section 5001(a)(9) or 7652(a)
---
ly in Puerto Rico in respect of— (A) distilled spirits for shipment to the United States for the purposes authorized in section 5214(a)(2) and (3); (B) distilled spirits for denaturation; (C) denatured distilled spirits for shipment to the United States; (D) denatured distilled spirits for use in the manufacture of articles for shipment to the United State
---
ch expenses were originally charged. (b) Virgin Islands (1) In general Distilled spirits for the purposes authorized in section 5214(a)(2) and (3), denatured distilled spirits, and articles, as described in this paragraph, produced or manufactured in the Virgin Islands, may be brought into the United States free of any tax imposed by section 7652(b)(1) for
---
he Virgin Islands in respect of— (A) distilled spirits for shipment to the United States for the purposes authorized in section 5214(a)(2) and (3); (B) distilled spirits for denaturation; (C) denatured distilled spirits for shipment to the United States; (D) denatured distilled spirits for use in the manufacture of articles for shipment to the United State"
95,432,704,invalid,"title 5, United States Code",1,"ranty Corporation and the Secretary of Labor, of an application shall be treated as final agency action for purposes of section 704 of title 5 , United States Code. (iv) Agency review In evaluating whether the plan sponsor has met the criteria specified in clause (ii) of subparagraph (C), the Secretary of the Treasury, in consultation with the Pensi"
96,1367,1368,valid,,1,"ch period: (A) distributions by the corporation which were not includible in the income of the shareholder by reason of section 1368, (B) the items of loss and deduction described in subparagraph (A) of section 1366(a)(1), (C) any nonseparately computed loss determined under subparagraph (B) of section 1366(a)(1), (D) any expense of the corporation n"
97,264,1016,valid,,1,"i) in the case of assets of the taxpayer not described in clause (i), the average adjusted bases (within the meaning of section 1016) of such assets. (3) Unborrowed policy cash value For purposes of this subsection, the term “unborrowed policy cash value” means, with respect to any life insurance policy or annuity or endowment contract, the excess of"
98,26,881,valid,,1,"n 7518(g)(6) (relating to nonqualified withdrawals from capital construction funds taxed at highest marginal rate), (L) sections 871(a) and 881 (relating to certain income of nonresident aliens and foreign corporations), (M) section 860E(e) (relating to taxes with respect to certain residual interests), (N) section 884 (relating to branch profits tax), (O) sect"
99,954,11,valid,,1,"fective rate of income tax imposed by a foreign country greater than 90 percent of the maximum rate of tax specified in section 11. (5) Deductions to be taken into account For purposes of subsection (a), the foreign personal holding company income, the foreign base company sales income, and the foreign base company services income shall be reduced,"
100,2505,2502,valid,,1,"ceding calendar periods. For purposes of applying paragraph (2) for any calendar year, the rates of tax in effect under section 2502(a)(2) for such calendar year shall, in lieu of the rates of tax in effect for preceding calendar periods, be used in determining the amounts allowable as a credit under this section for all preceding calendar periods. (b) Adj"
101,6428A,1505,invalid,"title 38, United States Code",1,"lude any individual if such compensation or pension payment is not payable, or was reduced, for such month by reason of section 1505 or 5313 of title 38, United States Code. (G) Subsequent determinations and redeterminations not taken into account For purposes of this section, any individual’s status as a specified social security beneficiary, a specified su"
102,1311,7122,valid,,1," paragraph of section 1312 is prevented by the operation of any law or rule of law, other than this part and other than section 7122 (relating to compromises), then the effect of the error shall be corrected by an adjustment made in the amount and in the manner specified in section 1314. (b) Conditions necessary for adjustment (1) Maintenance of an i"
103,535,563,valid,,1,cumulated earnings and profits at the close of the preceding taxable year shall be reduced by the dividends which under section 563(a) (relating to dividends paid after the close of the taxable year) are considered as paid during such taxable year. (5) Cross reference For limitation on credit provided in paragraph (2) or (3) in the case of certain cont
104,45D,55,valid,,1, tax imposed by this chapter for purposes of determining the amount of any credit under this chapter or for purposes of section 55. (h) Basis reduction The basis of any qualified equity investment shall be reduced by the amount of any credit determined under this section with respect to such investment. This subsection shall not apply for purposes
105,6206,6675,valid,,2," portion of a payment made under section 6420, 6421, 6427, or 6435 which constitutes an excessive amount (as defined in section 6675(b)), and any civil penalty provided by section 6675, may be assessed and collected as if it were a tax imposed by section 4081 (with respect to refunds under section 6416(a)(4) and payments under sections 6420, 6421, and 6
---
 6427, or 6435 which constitutes an excessive amount (as defined in section 6675(b)), and any civil penalty provided by section 6675, may be assessed and collected as if it were a tax imposed by section 4081 (with respect to refunds under section 6416(a)(4) and payments under sections 6420, 6421, and 6435), or 4041 or 4081 (with respect to payments u"
106,7702B,818,valid,,1,"), (iii) described in section 403(b), (iv) provided for employees of a life insurance company under a plan described in section 818(a)(3), or (v) from an individual retirement account or an individual retirement annuity. (C) A contract purchased by an employer for the benefit of the employee (or the employee’s spouse). Any dividend described in section 40"
107,6603,6621,valid,,1,". (4) Rate of interest The rate of interest under this subsection shall be the Federal short-term rate determined under section 6621(b), compounded daily. (e) Use of deposits (1) Payment of tax Except as otherwise provided by the taxpayer, deposits shall be treated as used for the payment of tax in the order deposited. (2) Returns of deposits Deposits s"
108,6521,7122,valid,,2,"f the error is authorized as to one such tax but is prevented as to the other tax by any law or rule of law (other than section 7122, relating to compromises), then, if the correction authorized is made, the amount of the assessment, or the amount of the credit or refund, as the case may be, authorized as to the one tax shall be reduced by the amount
---
f such credit or refund, or such assessment, of such other tax were not prevented by any law or rule of law (other than section 7122, relating to compromises). (b) Definitions For purposes of subsection (a), the terms “self-employment income” and “wages” shall have the same meaning as when used in section 1402(b). "
109,1015,2503,valid,,2,"ceding calendar period) in which such gift is made as the amount of such gift bears to the taxable gifts (as defined in section 2503(a) but computed without the deduction allowed by section 2521) made by the donor during such calendar year or period. For purposes of the preceding sentence, the amount of any gift shall be the amount included with respect
---
ence, the amount of any gift shall be the amount included with respect to such gift in determining (for the purposes of section 2503(a)) the total amount of gifts made during the calendar year or period, reduced by the amount of any deduction allowed with respect to such gift under section 2522 (relating to charitable deduction) or under section 2523 (r"
110,147,142,valid,,1,blic-private schools Subsection (c) shall not apply to any exempt facility bond issued as part of an issue described in section 142(a)(13) (relating to qualified public educational facilities).
111,3134,1396,valid,,1,"raph (A)(ii)(II) thereof. (D) Exception The term “qualified wages” shall not include any wages taken into account under sections 41, 45A, 45P, 45S, 51, 1396, 3131, and 3132. (4) Wages (A) In general The term “wages” means wages (as defined in section 3121(a)) and compensation (as defined in section 3231(e)). For purposes of the preceding sentence, in the case of any organization or entity "
112,1371,1362,valid,,2,"1368(c)(2). (d) Coordination with investment credit recapture (1) No recapture by reason of election Any election under section 1362 shall be treated as a mere change in the form of conducting a trade or business for purposes of the second sentence of section 50(a)(6). (2) Corporation continues to be liable Notwithstanding an election under section 1
---
es of the second sentence of section 50(a)(6). (2) Corporation continues to be liable Notwithstanding an election under section 1362, an S corporation shall continue to be liable for any increase in tax under section 49(b) or 50(a) attributable to credits allowed for taxable years for which such corporation was not an S corporation. (3) Adjustment to"
113,3510,3121,valid,,1,"f this subsection, the term “domestic service in a private home of the employer” includes domestic service described in section 3121(g)(5). (d) Exception where employer liable for other employment taxes To the extent provided in regulations prescribed by the Secretary, this section shall not apply to any employer for any calendar year if such employer is l"
114,6611,6406,valid,,1,"x liability shown on the return. (h) Prohibition of administrative review For prohibition of administrative review, see section 6406. "
115,411,501,valid,,1," for employer contributions, and (D) a plan established and maintained by a society, order, or association described in section 501(c)(8) or (9), if no part of the contributions to or under such plan are made by employers of participants in such plan. (2) A plan described in paragraph (1) shall be treated as meeting the requirements of this section, for p"
116,2622,2053,valid,,1,"certain expenses For purposes of subsection (a), there shall be allowed a deduction similar to the deduction allowed by section 2053 (relating to expenses, indebtedness, and taxes) for amounts attributable to the property with respect to which the taxable termination has occurred. "
117,6601,1,valid,,1,"ll be increased by an amount equal to— (A) $1,000,000, multiplied by (B) the cost-of-living adjustment determined under section 1(f)(3) for such calendar year by substituting “calendar year 1997” for “calendar year 2016” in subparagraph (A)(ii) thereof. If any amount as adjusted under the preceding sentence is not a multiple of $10,000, such amount shal"
118,23,931,valid,,1," of adjusted gross income For purposes of subparagraph (A), adjusted gross income shall be determined without regard to sections 911, 931, and 933. (3) Denial of double benefit (A) In general No credit shall be allowed under subsection (a) for any expense for which a deduction or credit is allowed under any other provision of this chapter. (B) Grants No credit sha"
119,6233,6603,valid,,1," Deposit to suspend interest For rules allowing deposits to suspend running of interest on potential underpayments, see section 6603. "
120,6215,6161,valid,,1,"gs, see generally subchapter C of chapter 76. (6) For extension of time for paying amount determined as deficiency, see section 6161(b). "
121,6433,416,valid,,1," 403(b), 408(a)(1), 408(b)(2)(B), 408A(c)(2), 414(v)(2), 415(c), or 457(b)(2), and shall be disregarded for purposes of sections 401(a)(4), 401(k)(3), 401(k)(11)(B)(i)(III), and 416, and (C) such contribution shall not be treated as an amount that may be paid, made available, or distributable to the participant under section 401(k)(2)(B)(i)(IV), 403(b)(7)(A)(i)(V), or 457(d)(1)(A)(iii). (3) Treatme"
122,755,1231,valid,,1," of, or a transfer of an interest attributable to, property consisting of— (1) capital assets and property described in section 1231(b), or (2) any other property of the partnership, shall be allocated to partnership property of a like character except that the basis of any such partnership property shall not be reduced below zero. If, in the case of a "
123,264,7702A,valid,,1,"Master contracts If coverage for each insured under a master contract is treated as a separate contract for purposes of sections 817(h), 7702, and 7702A, coverage for each such insured shall be treated as a separate contract for purposes of subparagraph (A). For purposes of the preceding sentence, the term “master contract” shall not include any group life insurance con"
124,6720,1,valid,,2,"cle to which section 170(f)(12)(A)(ii) applies, the greater of— (A) the product of the highest rate of tax specified in section 1 and the sales price stated on the acknowledgment, or (B) the gross proceeds from the sale of such vehicle, and (2) in the case of an acknowledgment with respect to any other qualified vehicle to which section 170(f)(12)
---
ed vehicle to which section 170(f)(12) applies, the greater of— (A) the product of the highest rate of tax specified in section 1 and the claimed value of the vehicle, or (B) $5,000. "
125,7272,7011,valid,,1,"er under section 4101). (b) Cross references For provisions relating to persons required by this title to register, see sections 4101, 4412, and 7011. "
126,3131,3231,valid,,1,"n 3121(a), determined without regard to paragraphs (1) through (22) of section 3121(b)) and compensation (as defined in section 3231(e), determined without regard to the sentence in paragraph (1) thereof which begins “Such term does not include remuneration”). (3) Denial of double benefit For purposes of chapter 1, the gross income of the employer, for "
127,1402,933,valid,,1,"ompute his net earnings from self-employment in the same manner as a citizen of the United States but without regard to section 933; (7) the deduction for personal exemptions provided in section 151 shall not be allowed; (8) an individual who is a duly ordained, commissioned, or licensed minister of a church or a member of a religious order shall co"
128,6432,501,valid,,2," of any of the foregoing, and any agency or instrumentality of the Government of the United States that is described in section 501(c)(1) and exempt from taxation under section 501(a). (e) Denial of double benefit For purposes of chapter 1, the gross income of any person allowed a credit under this section shall be increased for the taxable year which inc
---
umentality of the Government of the United States that is described in section 501(c)(1) and exempt from taxation under section 501(a). (e) Denial of double benefit For purposes of chapter 1, the gross income of any person allowed a credit under this section shall be increased for the taxable year which includes the last day of any calendar quarter wit"
129,937,957,valid,,1,"a fide resident For purposes of this subpart, section 865(g)(3), section 876, section 881(b), paragraphs (2) and (3) of section 901(b), section 957(c), section 3401(a)(8)(C), and section 7654(a), except as provided in regulations, the term “bona fide resident” means a person— (1) who is present for at least 183 days during the taxable year in Guam, American Samoa, the Northern Mariana Islands, Puerto Rico, or t"
130,736,707,valid,,1," amount thereof is determined with regard to the income of the partnership, or (2) as a guaranteed payment described in section 707(c) if the amount thereof is determined without regard to the income of the partnership. (b) Payments for interest in partnership (1) General rule Payments made in liquidation of the interest of a retiring partner or a dece"
131,45V,211,invalid,Clean Air Act,1,"graph (B), the term “lifecycle greenhouse gas emissions” has the same meaning given such term under subparagraph (H) of section 211( o )(1) of the Clean Air Act ( 42 U.S.C. 7545 ( o )(1)), as in effect on the date of enactment of this section. (B) GREET model The term “lifecycle greenhouse gas emissions” shall only include emissions through the poin"
132,1403,6017,valid,,1,"ed as the “Self-Employment Contributions Act of 1954”. (b) Cross references (1) For provisions relating to returns, see section 6017. (2) For provisions relating to collection of taxes in Virgin Islands, Guam, American Samoa, and Puerto Rico, see section 7651. "
133,25B,529A,valid,,1,"nt of contributions made by the eligible individual during such taxable year to the ABLE account (within the meaning of section 529A) of which such individual is the designated beneficiary, and (B) in the case of any taxable year beginning before January 1, 2027 — (i) the amount of the qualified retirement contributions (as defined in section 219(e))"
134,842,894,valid,,1,ch would be subject to tax under section 881 if the amount taxable under such section were determined without regard to sections 103 and 894. (B) Limitation on reduction The reduction under subparagraph (A) shall not exceed the increase in taxes under part I or II (as the case may be) by reason of the increase in effectively connected income of the company r
135,6427,6675,valid,,1," as imposed by section 4041(a). (p) Cross references (1) For civil penalty for excessive claims under this section, see section 6675. (2) For fraud penalties, etc., see chapter 75 (section 7201 and following, relating to crimes, other offenses, and forfeitures). (3) For treatment of an Indian tribal government as a State (and a subdivision of an Indi"
136,31,3402,valid,,1,"it under such regulations shall, for purposes of this subtitle, be considered an amount withheld at source as tax under section 3402. (2) Year of credit Any amount to which paragraph (1) applies shall be allowed as a credit for the taxable year beginning in the calendar year during which the wages were received. If more than one taxable year begins i"
137,6427,7201,valid,,1,"civil penalty for excessive claims under this section, see section 6675. (2) For fraud penalties, etc., see chapter 75 (section 7201 and following, relating to crimes, other offenses, and forfeitures). (3) For treatment of an Indian tribal government as a State (and a subdivision of an Indian tribal government as a political subdivision of a State), "
138,7421,6212,valid,,1,"§ 7421. Prohibition of suits to restrain assessment or collection (a) Tax Except as provided in sections 6015(e), 6212(a) and (c), 6213(a), 6232(c), 6330(e)(1), 6331(i), 6672(c), 6694(c), 7426(a) and (b)(1), 7429(b), and 7436, no suit for the purpose of restraining the assessment or collection of any tax shall be maintained in any court by"
139,408,3401,valid,,1,". For purposes of the preceding sentence, amounts described in section 6051(a)(3) shall be determined without regard to section 3401(a)(3). (ii) Self-employed In the case of an employee described in subparagraph (B), the term “compensation” means net earnings from self-employment determined under section 1402(a) without regard to any contribution under thi"
140,1361,501,valid,,2,"rganizations permitted as shareholders For purposes of subsection (b)(1)(B), an organization which is— (A) described in section 401(a) or 501(c)(3), and (B) exempt from taxation under section 501(a), may be a shareholder in an S corporation. (d) Special rule for qualified subchapter S trust (1) In general In the case of a qualified subchapter S trust with respect t
---
n (b)(1)(B), an organization which is— (A) described in section 401(a) or 501(c)(3), and (B) exempt from taxation under section 501(a), may be a shareholder in an S corporation. (d) Special rule for qualified subchapter S trust (1) In general In the case of a qualified subchapter S trust with respect to which a beneficiary makes an election under parag"
141,2503,509,valid,,1,"ive tangible personal property. (B) Private foundation The term “private foundation” has the meaning given such term by section 509, except that such term shall not include any private operating foundation (as defined in section 4942(j)(3)). "
142,6861,6863,valid,,2,"x Court which has become final, then any unpaid portion, the collection of which has been stayed by bond as provided in section 6863(b) shall be collected as part of the tax upon notice and demand from the Secretary, and any remaining portion of the assessment shall be abated. If the amount already collected exceeds the amount determined as the amount w
---
h jeopardy assessment is abated. (h) Cross references (1) For the effect of the furnishing of security for payment, see section 6863. (2) For provision permitting immediate levy in case of jeopardy, see section 6331(a). "
143,3301,3306,valid,,3,"§ 3301. Rate of tax There is hereby imposed on every employer (as defined in section 3306(a)) for each calendar year an excise tax, with respect to having individuals in his employ, equal to 6 percent of the total wages (as defined in section 3306(b)) paid by such employer during the calendar year with respect
---
r an excise tax, with respect to having individuals in his employ, equal to 6 percent of the total wages (as defined in section 3306(b)) paid by such employer during the calendar year with respect to employment (as defined in section 3306(c)).
---
as defined in section 3306(b)) paid by such employer during the calendar year with respect to employment (as defined in section 3306(c)). "
144,6241,951,valid,,2,"defined in section 957 or 953(c)(1)) which is a partner of a partnership, each United States shareholder (as defined in section 951(b) or 953(c)(1)) with respect to such controlled foreign corporation shall be treated for purposes of this subchapter as a partner of such partnership. For purposes of the preceding sentence, any distributive share of any such United S
---
er’s pro rata share with respect to such controlled foreign corporation (determined under rules similar to the rules of section 951(a)(2)). (B) Passive foreign investment companies For purposes of subparagraph (A), in the case of a passive foreign investment company (as defined in section 1297), each taxpayer that makes an election under section 1295 with"
145,453,167,valid,,1,"property of a character which (in the hands of the transferee) is subject to the allowance for depreciation provided in section 167. (8) Payments to be received defined The term “payments to be received” includes— (A) the aggregate amount of all payments which are not contingent as to amount, and (B) the fair market value of any payments which are c"
146,1016,45L,valid,,2," extent provided in section 179B(c), 1 (31) to the extent provided in section 179D(e), 1 (32) to the extent provided in section 45L(e), in the case of amounts with respect to which a credit has been allowed under section 45L, 1 (33) to the extent provided in section 25C(g), in the case of amounts with respect to which a credit has been allowed under se
---
 to the extent provided in section 45L(e), in the case of amounts with respect to which a credit has been allowed under section 45L, 1 (33) to the extent provided in section 25C(g), in the case of amounts with respect to which a credit has been allowed under section 25C, 1 (34) to the extent provided in section 25D(f), in the case of amounts with respect to"
147,3505,3402,valid,,1,"§ 3505. Liability of third parties paying or providing for wages (a) Direct payment by third parties For purposes of sections 3102, 3202, 3402, and 3403, if a lender, surety, or other person, who is not an employer under such sections with respect to an employee or group of employees, pays wages directly to such an employee or group of employees, employed by one or more"
148,5,1341,valid,,1,", see section 692. (2) For computation of tax where taxpayer restores substantial amount held under claim of right, see section 1341. "
149,4963,4955,valid,,3,"a) First tier tax For purposes of this subchapter, the term “first tier tax” means any tax imposed by subsection (a) of section 4941, 4942, 4943, 4944, 4945, 4951, 4952, 4955, 4958, 4966, 4967, 4971, or 4975. (b) Second tier tax For purposes of this subchapter, the term “second tier tax” means any tax imposed by subsection (b) of section 4941, 4942, 4943, 4944, 4945, 4951, 4952, 4955, 4958, 4971, or 4975. (c) Taxable event
---
 Second tier tax For purposes of this subchapter, the term “second tier tax” means any tax imposed by subsection (b) of section 4941, 4942, 4943, 4944, 4945, 4951, 4952, 4955, 4958, 4971, or 4975. (c) Taxable event For purposes of this subchapter, the term “taxable event” means any act (or failure to act) giving rise to liability for tax under section 4941, 4942, 4943, 4944, 4945, 4951, 4952, 4955, 4958, 4966, 4
---
s of this subchapter, the term “taxable event” means any act (or failure to act) giving rise to liability for tax under section 4941, 4942, 4943, 4944, 4945, 4951, 4952, 4955, 4958, 4966, 4967, 4971, or 4975. (d) Correct For purposes of this subchapter— (1) In general Except as provided in paragraph (2), the term “correct” has the same meaning as when used in the section which imposes the second tier tax. (2) Special rules "
150,1301,1,valid,,2,"e (a) In general At the election of an individual engaged in a farming business or fishing business, the tax imposed by section 1 for such taxable year shall be equal to the sum of— (1) a tax computed under such section on taxable income reduced by elected farm income, plus (2) the increase in tax imposed by section 1 which would result if taxable
---
x computed under such section on taxable income reduced by elected farm income, plus (2) the increase in tax imposed by section 1 which would result if taxable income for each of the 3 prior taxable years were increased by an amount equal to one-third of the elected farm income. Any adjustment under this section for any taxable year shall be taken"
