execution_number,timestamp,duration_ms,error,correctness_error,correctness_match,dfc_error,dfc_exec_time_ms,dfc_rewrite_time_ms,dfc_rows,dfc_time_ms,logical_error,logical_exec_time_ms,logical_rewrite_time_ms,logical_rows,logical_time_ms,no_policy_error,no_policy_exec_time_ms,no_policy_rows,no_policy_time_ms,query_name,query_num,tpch_sf,umbra_correctness_error,umbra_correctness_match,umbra_dfc_correctness_error,umbra_dfc_correctness_match,umbra_dfc_error,umbra_dfc_rows,umbra_dfc_time_ms,umbra_error,umbra_logical_correctness_error,umbra_logical_correctness_match,umbra_logical_error,umbra_logical_rows,umbra_logical_time_ms,umbra_rows,umbra_time_ms,postgres_correctness_error,postgres_correctness_match,postgres_dfc_correctness_error,postgres_dfc_correctness_match,postgres_dfc_error,postgres_dfc_rows,postgres_dfc_time_ms,postgres_error,postgres_logical_correctness_error,postgres_logical_correctness_match,postgres_logical_error,postgres_logical_rows,postgres_logical_time_ms,postgres_rows,postgres_time_ms,datafusion_correctness_error,datafusion_correctness_match,datafusion_dfc_correctness_error,datafusion_dfc_correctness_match,datafusion_dfc_error,datafusion_dfc_rows,datafusion_dfc_time_ms,datafusion_error,datafusion_logical_correctness_error,datafusion_logical_correctness_match,datafusion_logical_error,datafusion_logical_rows,datafusion_logical_time_ms,datafusion_rows,datafusion_time_ms
1,2026-02-09T20:01:50.452858,271.9600850250572,,,True,,49.23891695216298,1.6565839760005474,4,50.89550092816353,,115.22954190149903,4.283332964405417,4,119.51287486590444,,46.99508403427899,4,46.99508403427899,q01,1,1.0,,True,,True,,4,29.83266697265208,,,True,,4,38.382458966225386,4,54.55662519671023,,True,,True,,4,1354.1947919875383,,,True,,4,4422.645082930103,4,1345.9742919076234,,True,,True,,4,501.53633300215006,,,True,,4,1222.6317499298602,4,492.3712911549955
2,2026-02-09T20:01:50.560885,78.84416705928743,,,True,,17.970625078305602,3.670874983072281,10,21.641500061377883,,26.171999983489513,3.913166932761669,10,30.085166916251183,,19.020000007003546,10,19.020000007003546,q03,3,1.0,,True,,True,,10,5.935959052294493,,,True,,10,9.71058290451765,10,8.097500074654818,,True,,True,,10,345.0248329900205,,,True,,10,697.9784169234335,10,320.65570796839893,,True,,True,,10,519.976207986474,,,True,,10,1003.710333025083,10,486.0079160425812
3,2026-02-09T20:01:51.040890,189.98562591150403,,,True,,41.31241608411074,2.5172920431941748,5,43.82970812730491,,104.3115418870002,2.3928340524435043,5,106.70437593944372,,18.75316700898111,5,18.75316700898111,q04,4,1.0,,True,,True,,5,8.466292172670364,,,True,,5,271.65787504054606,5,20.698374835774302,,True,,True,,5,3002.178959082812,,,True,,5,4348.827791865915,5,605.7344588916749,,True,,True,,5,558.4244169294834,,,True,,5,1335.902834078297,5,443.7453330028802
4,2026-02-09T20:01:51.182346,102.14075120165944,,,True,,21.986542036756873,1.8595841247588396,5,23.846126161515713,,41.72037495300174,4.526125034317374,5,46.24649998731911,,22.12504204362631,5,22.12504204362631,q05,5,1.0,,True,,True,,5,6.297040963545442,,,True,,5,10.436875047162175,5,9.923083009198308,,True,,True,,5,293.0628750473261,,,True,,5,650.804084027186,5,403.545374982059,,True,,True,,5,615.3399171307683,,,True,,5,1866.2575839553028,5,550.574041903019
5,2026-02-09T20:01:51.232395,33.355792285874486,,,True,,6.828125100582838,1.0874171275645494,1,7.9155422281473875,,13.944708043709396,2.4554168339818716,1,16.40012487769127,,6.697500124573708,1,6.697500124573708,q06,6,1.0,,True,,True,,1,1.8921250011771915,,,True,,1,4.067375091835856,1,2.342625055462122,,True,,True,,1,299.0288748405874,,,True,,1,557.3836250696331,1,288.4458750486374,,True,,True,,1,427.82441596500576,,,True,,1,808.4591249935329,1,410.7802920043469
6,2026-02-09T20:01:51.633167,370.1481234747917,,,True,,50.10958295315504,4.46904101409018,4,54.57862396724522,,233.5146248806268,7.915999973192811,4,241.4306248538196,,54.18149987235665,4,54.18149987235665,q07,7,1.0,,True,,True,,4,5.538417026400566,,,True,,4,15.169707825407386,4,19.957374781370163,,True,,True,,4,379.9928750377149,,,True,,4,777.1104578860104,4,376.63991609588265,,True,,True,,4,690.544290933758,,,True,,4,1707.319458015263,4,592.4450410529971
7,2026-02-09T20:01:51.846065,146.7492498923093,,,True,,20.604541990906,2.4027919862419367,2,23.007333977147937,,70.37637499161065,7.948582991957664,2,78.32495798356831,,19.269791897386312,2,19.269791897386312,q08,8,1.0,,True,,True,,2,19.10837483592331,,,True,,2,36.58412490040064,2,26.147166034206748,,True,,True,,2,398.0347500182688,,,True,,2,788.4514578618109,2,453.00062489695847,,True,,True,,2,683.5236251354218,,,True,,2,1174.9205000232903,2,569.4489588495344
8,2026-02-09T20:02:40.140963,48184.97379007749,,,True,,58.03070799447596,2.157083014026284,175,60.187791008502245,,47837.89816708304,5.549540976062417,175,47843.4477080591,,58.97916597314179,175,58.97916597314179,q09,9,1.0,,True,,True,,175,38.02958410233259,,,True,,175,54.22008316963911,175,222.35912503674624,,True,,True,,175,1463.458999991417,,,True,,175,7660.638042027131,175,5146.7035410460085,,True,,True,,175,616.8783339671791,,,True,,175,18717.370541999117,175,1381.295083090663
9,2026-02-09T20:02:40.548414,329.69416631385684,,,True,,63.959666993469,11.369458166882396,20,75.3291251603514,,88.4657499846071,6.164374994114041,20,94.63012497872114,,99.04170804657042,20,99.04170804657042,q10,10,1.0,,True,,True,,20,15.593750169500709,,,True,,20,20.54516598582268,20,60.69320812821388,,True,,True,,20,628.5790828987956,,,True,,20,1128.003917168826,20,900.6304580252618,,True,,True,,20,1147.7277500089258,,,True,,20,1930.1237498875707,20,1631.4082089811563
10,2026-02-09T20:02:40.877941,301.0541668627411,,,True,,17.59383291937411,2.2732920479029417,2,19.86712496727705,,33.145416993647814,4.063667031005025,2,37.20908402465284,,36.6519580129534,2,36.6519580129534,q12,12,1.0,,True,,True,,2,7.884084014222026,,,True,,2,8.615500060841441,2,207.32599985785785,,True,,True,,2,544.4672498852015,,,True,,2,1192.3439998645335,2,477.643083082512,,True,,True,,2,509.08629200421274,,,True,,2,1089.2833329271523,2,679.4403749518096
11,2026-02-09T20:02:41.004488,84.09933419898152,,,True,,14.072917168959975,2.672625007107854,1,16.74554217606783,,23.368333000689745,2.9213749803602695,1,26.289707981050014,,31.75954194739461,1,31.75954194739461,q14,14,1.0,,True,,True,,1,3.6277081817388535,,,True,,1,6.0362499207258224,1,9.30454209446907,,True,,True,,1,317.2652078792453,,,True,,1,674.132291926071,1,417.3109580297023,,True,,True,,1,412.4125000089407,,,True,,1,788.9994590077549,1,407.7469161711633
12,2026-02-09T20:02:41.500455,389.4059171434492,,,True,,53.41212498024106,3.896958194673062,57,57.30908317491412,,145.44899994507432,4.48412518016994,57,149.93312512524426,,105.18783400766551,57,105.18783400766551,q18,18,1.0,,True,,True,,57,62.80658394098282,,,True,,57,32.05033391714096,57,76.97587483562529,,True,,True,,57,7913.733834167942,,,True,,57,12246.808500029148,57,7438.312875106931,,True,,True,,57,955.8552911039442,,,True,,57,2106.2702911440283,57,1005.2542500197889
13,2026-02-09T20:02:41.657155,120.93333434313536,,,True,,25.62995906919241,3.62987513653934,1,29.25983420573175,,39.80645793490112,6.45779212936759,1,46.26425006426871,,32.86195802502334,1,32.86195802502334,q19,19,1.0,,True,,True,,1,4.405291983857751,,,True,,1,13.206874951720238,1,12.547292048111558,,True,,True,,1,484.5209999475628,,,True,,1,919.39516691491,1,523.8874170463532,,True,,True,,1,448.2059171423316,,,True,,1,885.5725000612438,1,467.54445787519217
14,2026-02-09T20:02:42.043781,294.2988337017596,,,True,,50.981291802600026,2.2199158556759357,4,53.20120765827596,,118.71208390221,3.820582991465926,4,122.53266689367592,,52.02595912851393,4,52.02595912851393,q01,1,1.0,,True,,True,,4,40.92566599138081,,,True,,4,40.34187505021691,4,66.53900002129376,,True,,True,,4,1617.000374943018,,,True,,4,5919.331083074212,4,1382.104917196557,,True,,True,,4,541.7122091166675,,,True,,4,1201.83658413589,4,504.227832891047
15,2026-02-09T20:02:42.171411,94.35670706443489,,,True,,21.402291022241116,3.822791157290339,10,25.225082179531455,,27.963665779680017,3.793417010456323,10,31.757082790136337,,24.00354202836752,10,24.00354202836752,q03,3,1.0,,True,,True,,10,7.994333049282432,,,True,,10,9.769167052581906,10,13.371000066399574,,True,,True,,10,349.43524980917573,,,True,,10,732.1650839876384,10,760.4674170725048,,True,,True,,10,538.6073330882937,,,True,,10,955.2505840547384,10,456.1859159730375
16,2026-02-09T20:02:42.657088,202.9110009316355,,,True,,44.83854188583791,2.362083876505494,5,47.20062576234341,,108.0288749653846,2.423292025923729,5,110.45216699130832,,19.58312513306737,5,19.58312513306737,q04,4,1.0,,True,,True,,5,9.8516249563545,,,True,,5,262.79416610486805,5,25.67508304491639,,True,,True,,5,2757.823291933164,,,True,,5,5587.00850000605,5,553.8164169993252,,True,,True,,5,500.4101658705622,,,True,,5,1097.6900421082971,5,466.2430409807712
17,2026-02-09T20:02:42.812143,112.26375098340212,,,True,,24.668709142133594,2.0252501126378775,5,26.69395925477147,,42.05941688269377,4.49933297932148,5,46.55874986201525,,30.522041954100132,5,30.522041954100132,q05,5,1.0,,True,,True,,5,7.534457836300135,,,True,,5,10.980375111103058,5,8.488999912515283,,True,,True,,5,301.54799995943904,,,True,,5,550.9587919805199,5,440.14758290722966,,True,,True,,5,580.2400829270482,,,True,,5,1924.600875005126,5,584.8218749742955
18,2026-02-09T20:02:42.860419,33.23862445540726,,,True,,6.255875108763576,1.0933331213891506,1,7.349208230152726,,13.695541070774198,2.697500167414546,1,16.393041238188744,,6.237207911908627,1,6.237207911908627,q06,6,1.0,,True,,True,,1,1.8690000288188455,,,True,,1,2.945417072623968,1,3.2591670751571655,,True,,True,,1,235.21137493662536,,,True,,1,830.1723329350352,1,237.20770794898272,,True,,True,,1,436.6411669179797,,,True,,1,817.5145001150668,1,441.8610420543701
19,2026-02-09T20:02:43.267365,366.9494581408798,,,True,,51.4695409219712,4.067834001034498,4,55.5373749230057,,230.2420421037823,7.6773331966251135,4,237.9193753004074,,50.57883285917342,4,50.57883285917342,q07,7,1.0,,True,,True,,4,9.830416878685355,,,True,,4,20.419165957719088,4,22.913875058293343,,True,,True,,4,447.7048749104142,,,True,,4,745.6896670628339,4,536.4490828942508,,True,,True,,4,698.2503749895841,,,True,,4,1772.3680830094963,4,678.7525829859078
20,2026-02-09T20:02:43.501896,151.63837606087327,,,True,,18.96687503904104,2.4505420587956905,2,21.417417097836733,,70.46408299356699,7.858833996579051,2,78.32291699014604,,18.71225005015731,2,18.71225005015731,q08,8,1.0,,True,,True,,2,33.31175004132092,,,True,,2,39.16737507097423,2,33.18579192273319,,True,,True,,2,424.6043751481921,,,True,,2,822.1006670501083,2,576.3010000810027,,True,,True,,2,593.8330828212202,,,True,,2,1153.2285828143358,2,554.9463329371065
21,2026-02-09T20:03:09.931948,26326.69579330832,,,True,,46.82358307763934,1.8514171242713928,175,48.675000201910734,,25980.93429207802,5.279875127598643,175,25986.214167205617,,58.437959058210254,175,58.437959058210254,q09,9,1.0,,True,,True,,175,27.487375074997544,,,True,,175,53.27841709367931,175,233.36866684257984,,True,,True,,175,1414.0924580860883,,,True,,175,10206.09258301556,175,3970.6543751526624,,True,,True,,175,607.1381669025868,,,True,,175,19799.991082865745,175,1468.4665000531822
22,2026-02-09T20:03:10.315332,323.60078976489604,,,True,,67.64220795594156,13.414249988272786,20,81.05645794421434,,85.25966596789658,6.694582989439368,20,91.95424895733596,,100.4345000255853,20,100.4345000255853,q10,10,1.0,,True,,True,,20,11.969499988481402,,,True,,20,22.498750127851963,20,50.15558283776045,,True,,True,,20,643.792666029185,,,True,,20,1610.508708981797,20,1150.3481660038233,,True,,True,,20,1329.3446670286355,,,True,,20,2119.654915994033,20,1453.7600830662996
23,2026-02-09T20:03:10.452452,110.36304081790148,,,True,,16.025708056986332,1.890874933451414,2,17.916582990437746,,31.588457990437742,3.895999863743782,2,35.48445785418153,,30.105749843642116,2,30.105749843642116,q12,12,1.0,,True,,True,,2,5.760124884545803,,,True,,2,8.96204193122685,2,26.856250129640102,,True,,True,,2,791.4513750001788,,,True,,2,1002.0384581293912,2,811.9317081291229,,True,,True,,2,653.4107921179384,,,True,,2,1059.8807078786194,2,940.3161250520498
24,2026-02-09T20:03:10.532905,62.606582418084145,,,True,,12.977583101019263,2.1055000834167004,1,15.083083184435964,,24.287000065669417,3.1548331025987864,1,27.441833168268204,,15.112416120246053,1,15.112416120246053,q14,14,1.0,,True,,True,,1,3.047292120754719,,,True,,1,4.0642921812832355,1,4.9692499451339245,,True,,True,,1,296.3393749669194,,,True,,1,590.2518338989466,1,346.4275000151247,,True,,True,,1,425.83741690032184,,,True,,1,818.1997919455171,1,434.2926659155637
25,2026-02-09T20:03:10.992001,371.4915399905294,,,True,,52.88924998603761,3.888833103701472,57,56.77808308973909,,132.7529998961836,3.8067910354584455,57,136.55979093164206,,95.2775408513844,57,95.2775408513844,q18,18,1.0,,True,,True,,57,40.42791691608727,,,True,,57,36.6246250923723,57,82.87612511776388,,True,,True,,57,8214.718541130424,,,True,,57,12370.540458941832,57,7826.787790982053,,True,,True,,57,951.625999994576,,,True,,57,2007.524542044848,57,939.2745001241564
26,2026-02-09T20:03:11.136956,115.6888750847429,,,True,,24.36874993145466,3.2369999680668116,1,27.60574989952147,,43.63800003193319,6.242250092327595,1,49.88025012426078,,29.29849992506206,1,29.29849992506206,q19,19,1.0,,True,,True,,1,4.677999997511506,,,True,,1,7.325040875002742,1,8.90437513589859,,True,,True,,1,463.1817499175668,,,True,,1,941.9912919402122,1,625.2345831599087,,True,,True,,1,484.5692499075085,,,True,,1,888.2274169009179,1,535.4780000634491
27,2026-02-09T20:03:11.485559,267.2343342565,,,True,,51.7969171050936,3.464292036369443,4,55.26120914146304,,115.74437515810132,3.8414171431213617,4,119.58579230122268,,53.45237487927079,4,53.45237487927079,q01,1,1.0,,True,,True,,4,31.259542098268867,,,True,,4,36.76316700875759,4,38.93495793454349,,True,,True,,4,1646.417791955173,,,True,,4,6753.577332943678,4,1776.5918329823762,,True,,True,,4,559.1051660012454,,,True,,4,1316.738124936819,4,482.1670001838356
28,2026-02-09T20:03:11.604304,89.92437599226832,,,True,,22.811624919995666,3.199959173798561,10,26.011584093794227,,30.09237488731742,3.810167079791426,10,33.902541967108846,,20.236250013113025,10,20.236250013113025,q03,3,1.0,,True,,True,,10,6.482708966359496,,,True,,10,9.932332905009387,10,9.77399991825223,,True,,True,,10,504.8320419155061,,,True,,10,1025.537749985233,10,1059.3283749185505,,True,,True,,10,506.3506248407066,,,True,,10,1040.6405420508236,10,480.2745000924915
29,2026-02-09T20:03:12.013228,206.06737700290975,,,True,,47.715459018945694,2.4359170347452164,5,50.15137605369091,,111.467459006235,2.391541842371226,5,113.85900084860624,,19.577166996896267,5,19.577166996896267,q04,4,1.0,,True,,True,,5,8.826292119920254,,,True,,5,184.03750006109476,5,22.479833103716373,,True,,True,,5,4664.500416023657,,,True,,5,6076.365709071979,5,955.026290845126,,True,,True,,5,503.77404200844467,,,True,,5,1047.1963749732822,5,440.599791938439
30,2026-02-09T20:03:12.177222,117.38495784811676,,,True,,25.13458300381899,2.117166994139552,5,27.25174999795854,,47.62483388185501,4.243915900588036,5,51.86874978244305,,28.79499993287027,5,28.79499993287027,q05,5,1.0,,True,,True,,5,8.761666947975755,,,True,,5,12.093083932995796,5,9.4694581348449,,True,,True,,5,347.81737509183586,,,True,,5,674.0188749972731,5,789.2194997984916,,True,,True,,5,549.8174580279738,,,True,,5,2000.0909159425648,5,521.1098750587553
31,2026-02-09T20:03:12.226399,32.84545917995274,,,True,,6.876917090266943,1.0785420890897512,1,7.955459179356694,,13.429583050310612,2.5188750587403774,1,15.94845810905099,,6.5650418400764465,1,6.5650418400764465,q06,6,1.0,,True,,True,,1,3.375957952812314,,,True,,1,3.1429999507963657,1,2.3765000514686108,,True,,True,,1,280.48437484540045,,,True,,1,615.2745839208364,1,298.8517920020968,,True,,True,,1,493.055708007887,,,True,,1,824.0662908647209,1,399.78599990718067
32,2026-02-09T20:03:12.644709,381.74020731821656,,,True,,59.744666097685695,3.0387500301003456,4,62.78341612778604,,232.09362500347197,7.761707995086908,4,239.85533299855888,,56.073417188599706,4,56.073417188599706,q07,7,1.0,,True,,True,,4,6.910000229254365,,,True,,4,17.88791688159108,4,23.028041003271937,,True,,True,,4,467.0437909662723,,,True,,4,950.0158340670168,4,938.8433748390526,,True,,True,,4,619.3328751251101,,,True,,4,1708.055041031912,4,638.7908339966089
33,2026-02-09T20:03:12.890458,172.3851638380438,,,True,,24.920583004131913,2.3175408132374287,2,27.238123817369345,,80.38666588254273,8.110041031613946,2,88.49670691415668,,22.029333049431443,2,22.029333049431443,q08,8,1.0,,True,,True,,2,23.902707966044545,,,True,,2,39.18720781803131,2,34.62100005708635,,True,,True,,2,666.089333826676,,,True,,2,850.8769168984145,2,677.0163329783827,,True,,True,,2,604.7914999071509,,,True,,2,1202.025790931657,2,541.6302501689643
34,2026-02-09T20:04:04.100178,51119.775749975815,,,True,,54.7673748806119,1.86870782636106,175,56.63608270697296,,50814.9300001096,5.373500054702163,175,50820.3035001643,,62.24337499588728,175,62.24337499588728,q09,9,1.0,,True,,True,,175,24.82895809225738,,,True,,175,47.35195799730718,175,180.59279210865495,,True,,True,,175,826.2487498577684,,,True,,175,6525.859666988254,175,3133.6877499707043,,True,,True,,175,616.4221249055117,,,True,,175,20589.21904093586,175,1563.856957945973
35,2026-02-09T20:04:04.425721,269.21500032767653,,,True,,59.6473750192672,8.902708999812603,20,68.5500840190798,,84.33362515643239,6.844625109806657,20,91.17825026623905,,71.00933301262558,20,71.00933301262558,q10,10,1.0,,True,,True,,20,17.314375145360827,,,True,,20,21.54412493109703,20,38.47733302973211,,True,,True,,20,422.85616719163954,,,True,,20,709.4402499496937,20,659.0778338722885,,True,,True,,20,1277.1797920577228,,,True,,20,2098.729666089639,20,1434.4498328864574
36,2026-02-09T20:04:04.545803,93.117541866377,,,True,,19.240542082116008,1.968208001926541,2,21.20875008404255,,33.32791686989367,4.09420789219439,2,37.42212476208806,,20.499834092333913,2,20.499834092333913,q12,12,1.0,,True,,True,,2,5.472416989505291,,,True,,2,10.676166042685509,2,13.986832927912474,,True,,True,,2,342.0214580837637,,,True,,2,741.9025420676917,2,350.2456669230014,,True,,True,,2,644.1659170668572,,,True,,2,1134.1489169280976,2,829.3486249167472
37,2026-02-09T20:04:04.623619,58.39429306797683,,,True,,13.371750013902783,2.5076251477003098,1,15.879375161603091,,22.197166923433542,2.7271669823676348,1,24.924333905801177,,13.718375004827976,1,13.718375004827976,q14,14,1.0,,True,,True,,1,3.6871659103780985,,,True,,1,5.824290914461017,1,3.872208995744586,,True,,True,,1,218.59099995344877,,,True,,1,445.57745894417167,1,235.94849999062717,,True,,True,,1,426.1880409903824,,,True,,1,789.3833748530596,1,487.628041068092
38,2026-02-09T20:04:05.153818,445.9043741226196,,,True,,138.62808304838836,3.950041951611638,57,142.578125,,140.53616719320416,7.656665984541178,57,148.19283317774534,,98.76129101030529,57,98.76129101030529,q18,18,1.0,,True,,True,,57,43.03500009700656,,,True,,57,30.052791815251112,57,56.372124934569,,True,,True,,57,4565.696292091161,,,True,,57,6481.144957942888,57,4146.773457992822,,True,,True,,57,948.533833026886,,,True,,57,2074.669708032161,57,942.0155419502408
39,2026-02-09T20:04:05.291926,114.14912482723594,,,True,,25.564457988366485,3.0668750405311584,1,28.631333028897643,,42.240333976224065,6.155333016067743,1,48.39566699229181,,28.379916911944747,1,28.379916911944747,q19,19,1.0,,True,,True,,1,3.5902918316423893,,,True,,1,7.907207822427154,1,8.742207894101739,,True,,True,,1,241.80187517777085,,,True,,1,536.6565410513431,1,233.59187482856217,,True,,True,,1,535.6303330045193,,,True,,1,859.0392079204321,1,459.5417499076575
40,2026-02-09T20:04:05.741985,307.6733748894185,,,True,,55.929374881088734,2.2230830509215593,4,58.15245793201029,,136.67479204013944,3.7937499582767487,4,140.4685419984162,,50.95866695046425,4,50.95866695046425,q01,1,1.0,,True,,True,,4,81.537667196244,,,True,,4,50.92574981972575,4,58.09370800852776,,True,,True,,4,1134.320207871497,,,True,,4,3752.231374848634,4,1131.1534580308944,,True,,True,,4,540.8277919050306,,,True,,4,1225.1109590288252,4,516.8314999900758
41,2026-02-09T20:04:05.865400,94.73612485453486,,,True,,21.194166969507933,3.730624914169311,10,24.924791883677244,,30.545291025191545,3.978416789323091,10,34.52370781451464,,22.918500006198883,10,22.918500006198883,q03,3,1.0,,True,,True,,10,6.6559999249875546,,,True,,10,8.732625050470233,10,12.3691251501441,,True,,True,,10,224.31808291003108,,,True,,10,470.79454199410975,10,223.76529197208583,,True,,True,,10,538.0233339965343,,,True,,10,962.7935842145234,10,491.9500001706183
42,2026-02-09T20:04:06.208693,194.54129110090437,,,True,,44.57162483595312,2.365166088566184,5,46.9367909245193,,109.1810001526028,2.425124868750572,5,111.60612502135336,,18.330875085666776,5,18.330875085666776,q04,4,1.0,,True,,True,,5,8.787125116214156,,,True,,5,130.21508394740522,5,17.667500069364905,,True,,True,,5,2472.9469169396907,,,True,,5,3573.4601670410484,5,437.3797499574721,,True,,True,,5,543.8484589103609,,,True,,5,1344.1058329772204,5,507.91904190555215
43,2026-02-09T20:04:06.356958,111.13866697996856,,,True,,22.36204221844673,1.872749999165535,5,24.234792217612267,,41.604333091527224,4.202124895527959,5,45.80645798705518,,24.451166857033968,5,24.451166857033968,q05,5,1.0,,True,,True,,5,7.982207927852869,,,True,,5,17.241958063095808,5,16.64624991826713,,True,,True,,5,181.4642499666661,,,True,,5,397.46266696602106,5,202.9310001526028,,True,,True,,5,628.7884588818997,,,True,,5,2109.8113749176264,5,591.796875
44,2026-02-09T20:04:06.408763,35.73733288794756,,,True,,6.406834116205573,1.1107500176876783,1,7.517584133893251,,14.384875074028969,2.498332876712084,1,16.883207950741053,,7.020457880571485,1,7.020457880571485,q06,6,1.0,,True,,True,,1,2.327625174075365,,,True,,1,3.517415840178728,1,4.316082922741771,,True,,True,,1,186.07324990443885,,,True,,1,400.5368328653276,1,186.22841709293425,,True,,True,,1,429.8662089277059,,,True,,1,854.404249927029,1,480.1343330182135
45,2026-02-09T20:04:06.808422,363.36041684262455,,,True,,49.0744998678565,2.785207936540246,4,51.85970780439675,,232.1319170296192,7.750125136226416,4,239.88204216584563,,50.86562503129244,4,50.86562503129244,q07,7,1.0,,True,,True,,4,6.508166901767254,,,True,,4,19.4497499614954,4,20.753041841089725,,True,,True,,4,288.7382919434458,,,True,,4,544.3055420182645,4,348.8785419613123,,True,,True,,4,672.8469578083605,,,True,,4,1764.7547498345375,4,639.567333040759
46,2026-02-09T20:04:07.037058,156.9379586726427,,,True,,23.181334137916565,2.4699168279767036,2,25.65125096589327,,70.85008290596306,8.038540836423635,2,78.8886237423867,,22.420916939154267,2,22.420916939154267,q08,8,1.0,,True,,True,,2,21.544083021581173,,,True,,2,39.1197910066694,2,29.977167025208473,,True,,True,,2,289.8799581453204,,,True,,2,542.2587080392987,2,295.28804193250835,,True,,True,,2,600.0719589646906,,,True,,2,1200.6288750562817,2,571.8594579957426
47,2026-02-09T20:04:41.908337,34725.74341716245,,,True,,53.85537492111325,1.903375145047903,175,55.75875006616115,,34377.872166922316,5.549125140532851,175,34383.42129206285,,55.26479193940759,175,55.26479193940759,q09,9,1.0,,True,,True,,175,35.85874987766147,,,True,,175,90.8716251142323,175,231.29858309403065,,True,,True,,175,662.1887921355665,,,True,,175,6048.269958002493,175,3463.55116693303,,True,,True,,175,576.9169579725713,,,True,,175,20564.94537508115,175,1470.2726248651743
48,2026-02-09T20:04:42.355243,377.8385007753968,,,True,,70.19550004042685,19.895916804671288,20,90.09141684509814,,86.67454216629267,8.039332926273346,20,94.713875092566,,108.83045895025134,20,108.83045895025134,q10,10,1.0,,True,,True,,20,12.311916099861264,,,True,,20,16.83808397501707,20,84.20274988748133,,True,,True,,20,392.22120796330273,,,True,,20,749.12279099226,20,435.7465410139412,,True,,True,,20,1150.013708975166,,,True,,20,2025.9678750298915,20,1238.217792008072
49,2026-02-09T20:04:42.544069,160.90841521508992,,,True,,17.43700006045401,2.01562512665987,2,19.45262518711388,,36.81804100051522,4.053832963109016,2,40.87187396362424,,43.128957971930504,2,43.128957971930504,q12,12,1.0,,True,,True,,2,5.547292064875364,,,True,,2,9.046708000823855,2,57.45495809242129,,True,,True,,2,357.87091706879437,,,True,,2,702.633417211473,2,339.18995899148285,,True,,True,,2,543.2419588323683,,,True,,2,1021.9063749536872,2,921.7065831180662
50,2026-02-09T20:04:42.633500,70.06008271127939,,,True,,14.008916914463043,2.371957991272211,1,16.380874905735254,,22.75554114021361,2.846416784450412,1,25.60195792466402,,24.233999894931912,1,24.233999894931912,q14,14,1.0,,True,,True,,1,3.4861250314861536,,,True,,1,4.058874910697341,1,3.843249985948205,,True,,True,,1,218.65995787084103,,,True,,1,435.96654082648456,1,233.51679206825793,,True,,True,,1,410.66420800052583,,,True,,1,797.8220419026911,1,408.0803750548512
51,2026-02-09T20:04:43.192052,428.6264996044338,,,True,,59.80979185551405,3.957750042900443,57,63.76754189841449,,147.50749990344048,3.7456669379025698,57,151.25316684134305,,99.78066594339909,57,99.78066594339909,q18,18,1.0,,True,,True,,57,77.44808378629386,,,True,,57,38.18995808251202,57,113.82512492127717,,True,,True,,57,4806.144540896639,,,True,,57,6498.864457942545,57,4537.556875031441,,True,,True,,57,1001.28645892255,,,True,,57,2199.0050829481333,57,990.430333185941
52,2026-02-09T20:04:43.396397,146.58270799554884,,,True,,30.531208030879498,3.297290997579694,1,33.82849902845919,,44.66979182325304,6.734292022883892,1,51.40408384613693,,45.16450013034046,1,45.16450013034046,q19,19,1.0,,True,,True,,1,5.894875153899193,,,True,,1,15.067207859829068,1,16.18562499061227,,True,,True,,1,255.48183382488787,,,True,,1,612.1437919791788,1,247.3405001219362,,True,,True,,1,455.3519159089774,,,True,,1,859.4986251555383,1,485.9940831083805
53,2026-02-09T20:04:43.759006,281.87249903567135,,,True,,53.19012491963804,2.4863751605153084,4,55.676500080153346,,121.84716598130764,3.884958103299141,4,125.73212408460677,,52.40041692741215,4,52.40041692741215,q01,1,1.0,,True,,True,,4,34.121291944757104,,,True,,4,35.91854218393564,4,48.06345794349909,,True,,True,,4,1170.9857501555234,,,True,,4,3896.3764579966664,4,1118.4404590167103,,True,,True,,4,492.6054170355201,,,True,,4,1232.8137499280274,4,479.6517079230398
54,2026-02-09T20:04:43.871622,86.1146249808371,,,True,,20.404834067448977,3.2909999135881662,10,23.69583398103714,,29.21529090963304,3.736250102519989,10,32.95154101215303,,20.435707876458764,10,20.435707876458764,q03,3,1.0,,True,,True,,10,6.265792064368725,,,True,,10,8.7330830283463,10,9.031542111188172,,True,,True,,10,294.941124971956,,,True,,10,532.5223340187222,10,230.9094169177115,,True,,True,,10,499.0981249138713,,,True,,10,946.9840829260648,10,446.8056671321392
55,2026-02-09T20:04:44.260828,194.1719593014568,,,True,,44.354540994390845,2.4283339735120535,5,46.7828749679029,,110.01641722396016,2.412749920040369,5,112.42916714400052,,21.289958152920008,5,21.289958152920008,q04,4,1.0,,True,,True,,5,7.822750136256218,,,True,,5,177.08458309061825,5,13.669959036633372,,True,,True,,5,2583.172000013292,,,True,,5,3389.1490830574185,5,455.12004219926894,,True,,True,,5,490.33491709269583,,,True,,5,1096.6358750592915,5,436.7707499768585
56,2026-02-09T20:04:44.412006,111.02366563864052,,,True,,25.273083010688424,1.988457981497049,5,27.261540992185473,,41.99308296665549,4.416374955326319,5,46.40945792198181,,26.654041837900877,5,26.654041837900877,q05,5,1.0,,True,,True,,5,7.876999909058213,,,True,,5,11.464749928563831,5,10.69862488657236,,True,,True,,5,180.68479211069643,,,True,,5,408.0702089704573,5,200.48670889809728,,True,,True,,5,621.670207940042,,,True,,5,1917.0281251426784,5,540.2826659847051
57,2026-02-09T20:04:44.460484,33.23845914565027,,,True,,6.47883303463459,1.1107090394943953,1,7.589542074128985,,13.74216703698039,2.4447080213576555,1,16.186875058338046,,6.890167016535997,1,6.890167016535997,q06,6,1.0,,True,,True,,1,2.219374990090728,,,True,,1,3.0497501138597727,1,2.5718749966472387,,True,,True,,1,194.19970898889005,,,True,,1,409.03437486849725,1,192.33574997633696,,True,,True,,1,419.72120804712176,,,True,,1,846.3660830166191,1,411.1473329830915
58,2026-02-09T20:04:44.874619,372.086541261524,,,True,,51.7410000320524,10.975625133141875,4,62.71662516519427,,227.56387502886355,7.828790927305818,4,235.39266595616937,,53.869750117883086,4,53.869750117883086,q07,7,1.0,,True,,True,,4,9.852624963968992,,,True,,4,22.512208903208375,4,20.107500022277236,,True,,True,,4,305.16412504948676,,,True,,4,566.6653749067336,4,386.27749984152615,,True,,True,,4,665.1189171243459,,,True,,4,1846.6405000071973,4,584.7315420396626
59,2026-02-09T20:04:45.113451,160.382459172979,,,True,,23.13404204323888,2.4184160865843296,2,25.552458129823208,,73.05825012736022,7.952291984111071,2,81.0105421114713,,21.84379193931818,2,21.84379193931818,q08,8,1.0,,True,,True,,2,26.54145797714591,,,True,,2,41.1106669344008,2,31.97566699236631,,True,,True,,2,291.0044169984758,,,True,,2,555.7075410615653,2,318.4945830143988,,True,,True,,2,598.9242079667747,,,True,,2,1192.732458934188,2,553.0795841477811
60,2026-02-09T20:05:20.637145,35410.60329112224,,,True,,51.78454099223018,1.821957994252443,175,53.60649898648262,,35139.5308340434,5.2434580866247416,175,35144.77429213002,,58.920125011354685,175,58.920125011354685,q09,9,1.0,,True,,True,,175,23.5238338354975,,,True,,175,66.08270900323987,175,153.30237499438226,,True,,True,,175,972.8994579054416,,,True,,175,6051.57950008288,175,2274.506875080988,,True,,True,,175,645.7411670126021,,,True,,175,21938.3791659493,175,1499.2878339253366
61,2026-02-09T20:05:21.015131,315.7671655062586,,,True,,63.893749844282866,14.0298327896744,20,77.92358263395727,,88.43362494371831,6.043708883225918,20,94.47733382694425,,86.74120786599815,20,86.74120786599815,q10,10,1.0,,True,,True,,20,12.041124980896711,,,True,,20,18.311165971681476,20,56.62504117935896,,True,,True,,20,389.0007920563221,,,True,,20,748.4300001524389,20,478.5184161737561,,True,,True,,20,1182.3908749502152,,,True,,20,1984.5696659758687,20,1317.633124999702
62,2026-02-09T20:05:21.180352,138.7707486283034,,,True,,23.131874855607748,2.7239168994128704,2,25.85579175502062,,39.56466703675687,4.154665861278772,2,43.719332898035645,,34.11170793697238,2,34.11170793697238,q12,12,1.0,,True,,True,,2,5.977292079478502,,,True,,2,8.632540935650468,2,35.083916038274765,,True,,True,,2,347.153167007491,,,True,,2,705.9919158928096,2,346.9320419244468,,True,,True,,2,486.87937506474555,,,True,,2,1003.8743331097066,2,763.5635831393301
63,2026-02-09T20:05:21.264563,65.70749985985458,,,True,,14.770708046853542,2.5302499998360872,1,17.30095804668963,,21.50920801796019,2.7324999682605267,1,24.241707986220717,,19.37066693790257,1,19.37066693790257,q14,14,1.0,,True,,True,,1,3.3155421260744333,,,True,,1,4.450917011126876,1,4.794166889041662,,True,,True,,1,284.30020809173584,,,True,,1,441.8973331339658,1,218.350957846269,,True,,True,,1,400.1172920688987,,,True,,1,753.0604579951614,1,448.5767500009388
64,2026-02-09T20:05:21.733494,357.54374996759,,,True,,50.82587501965463,3.855541814118624,57,54.681416833773255,,138.87850008904934,3.72041598893702,57,142.59891607798636,,90.36604198627174,57,90.36604198627174,q18,18,1.0,,True,,True,,57,57.16633307747543,,,True,,57,43.20579208433628,57,69.89737506955862,,True,,True,,57,4716.666791820899,,,True,,57,7499.098500004038,57,4586.1393748782575,,True,,True,,57,901.7767501063644,,,True,,57,2023.642749991268,57,898.5373750329018
65,2026-02-09T20:05:21.876854,113.19829220883548,,,True,,23.155750008299947,3.3261249773204327,1,26.48187498562038,,38.27825002372265,6.465667160227895,1,44.74391718395054,,29.558083042502403,1,29.558083042502403,q19,19,1.0,,True,,True,,1,4.406083840876818,,,True,,1,8.204583078622818,1,12.414416996762156,,True,,True,,1,275.9334158618003,,,True,,1,614.3129579722881,1,264.01516585610807,,True,,True,,1,451.08295883983374,,,True,,1,824.9251670204103,1,501.6000831965357
